,dataset,target_coverage,expected_coverage,coverage,mse_expected,mse_filtered,mse_prop_base,comparison_loss
0,0_kin8nm,0.1,0.20585842148087877,0.2039072039072039,0.0176112405147551,0.02212157224010402,0.5234045792838329,0.020314580538748968
1,0_kin8nm,0.2,0.20585842148087877,0.2039072039072039,0.0176112405147551,0.02212157224010402,0.5234045792838329,0.020314580538748968
2,0_kin8nm,0.30000000000000004,0.31570382424735555,0.31013431013431014,0.019061089483280415,0.022923025400069894,0.5453659452256879,0.020314580538748968
3,0_kin8nm,0.4,0.4452807160292921,0.4423076923076923,0.023740934356408713,0.026236732667166866,0.6166582399099129,0.020314580538748968
4,0_kin8nm,0.5,0.5303091944670464,0.5225885225885226,0.025927083878130218,0.02955562830473064,0.7107803218571228,0.020314580538748968
5,0_kin8nm,0.6,0.6796175752644427,0.6736874236874237,0.02918346732257282,0.031277469918377425,0.761007755662543,0.020314580538748968
6,0_kin8nm,0.7000000000000001,0.7207078925956062,0.7103174603174603,0.03071558079199001,0.03275620997330585,0.8018646015508432,0.020314580538748968
7,0_kin8nm,0.8,0.8403173311635476,0.8308913308913309,0.034671626860198056,0.03595024324576614,0.8791778634565943,0.020314580538748968
8,0_kin8nm,0.9,0.926159479251424,0.9126984126984127,0.0372291546280011,0.038338268972027745,0.9361840568918873,0.020314580538748968
9,0_kin8nm,1.0,1.0,1.0,0.04101779816870852,0.0406257046324054,1.0,0.020314580538748968
10,10_wind,0.1,0.12648922686945502,0.13541270445036135,5.439969768946515,9.519779027837329,0.8355964113523799,9.878771014556866
11,10_wind,0.2,0.26185044359949305,0.2731076454925827,6.293660056377241,8.588451376962356,0.7686683076819419,9.878771014556866
12,10_wind,0.30000000000000004,0.3485424588086185,0.36515785469760365,6.65813283048968,8.047150278914591,0.7057668227718259,9.878771014556866
13,10_wind,0.4,0.41546261089987324,0.4229745150247242,6.93908301081815,8.45655298359515,0.7769234169206131,9.878771014556866
14,10_wind,0.5,0.5054499366286439,0.5142639786991251,7.223308918154908,8.788960404693567,0.8165961054313927,9.878771014556866
15,10_wind,0.6,0.6362484157160964,0.6565233929250666,7.957010295278377,9.646423547643703,0.8977375590144518,9.878771014556866
16,10_wind,0.7000000000000001,0.7239543726235741,0.7402054012932674,8.365018946763609,9.44244018607893,0.877030741286731,9.878771014556866
17,10_wind,0.8,0.8306717363751585,0.8383415747432483,9.188059173318539,9.929740472861772,0.9247724414000215,9.878771014556866
18,10_wind,0.9,0.9034220532319391,0.9068086724990491,9.767903085747541,9.973429626335758,0.9347352812237595,9.878771014556866
19,10_wind,1.0,1.0,1.0,10.943989040279847,10.720518837499926,1.0,9.878771014556866
20,11_analcatdata_supreme,0.1,0.25699013157894735,0.25,0.01286025317688495,1.9721522630525295e-31,5.780736863185092e-31,0.007271740757631782
21,11_analcatdata_supreme,0.2,0.25699013157894735,0.25,0.01286025317688495,1.9721522630525295e-31,5.780736863185092e-31,0.007271740757631782
22,11_analcatdata_supreme,0.30000000000000004,0.3569078947368421,0.34629629629629627,0.01646948692075858,0.015119771974615516,0.09189386355402661,0.007271740757631782
23,11_analcatdata_supreme,0.4,0.42804276315789475,0.41790123456790124,0.022523102645941203,0.01808001300736827,0.10880679345795581,0.007271740757631782
24,11_analcatdata_supreme,0.5,0.5234375,0.5253086419753087,0.030553181047723827,0.025829017571570047,0.1555055970528658,0.007271740757631782
25,11_analcatdata_supreme,0.6,0.6796875,0.6814814814814815,0.05020967418793508,0.02934599491503251,0.1638336345318509,0.007271740757631782
26,11_analcatdata_supreme,0.7000000000000001,0.709703947368421,0.7049382716049383,0.053915031928566316,0.029193969456936978,0.15990930610735138,0.007271740757631782
27,11_analcatdata_supreme,0.8,0.8108552631578947,0.8098765432098766,0.06973387555552256,0.03632796504048652,0.18741291425314566,0.007271740757631782
28,11_analcatdata_supreme,0.9,0.9263980263157895,0.937037037037037,0.08858073431790767,0.05801503424749327,0.31618502885798927,0.007271740757631782
29,11_analcatdata_supreme,1.0,1.0,1.0,0.17536403547798712,0.16472003378821626,1.0,0.007271740757631782
30,12_space_ga,0.1,0.13458445040214478,0.15942028985507245,6376270706366.389,2698207325275.6763,0.09316761479430505,10160539402180.172
31,12_space_ga,0.2,0.6112600536193029,0.6006441223832528,9710268722033.428,7838727328259.665,0.48482956632489144,10160539402180.172
32,12_space_ga,0.30000000000000004,0.6112600536193029,0.6006441223832528,9710268722033.428,7838727328259.665,0.48482956632489144,10160539402180.172
33,12_space_ga,0.4,0.6112600536193029,0.6006441223832528,9710268722033.428,7838727328259.665,0.48482956632489144,10160539402180.172
34,12_space_ga,0.5,0.6112600536193029,0.6006441223832528,9710268722033.428,7838727328259.665,0.48482956632489144,10160539402180.172
35,12_space_ga,0.6,0.6112600536193029,0.6006441223832528,9710268722033.428,7838727328259.665,0.48482956632489144,10160539402180.172
36,12_space_ga,0.7000000000000001,0.8042895442359249,0.8059581320450886,11470223271430.137,10091234868612.143,0.7735026175132802,10160539402180.172
37,12_space_ga,0.8,0.8042895442359249,0.8059581320450886,11470223271430.137,10091234868612.143,0.7735026175132802,10160539402180.172
38,12_space_ga,0.9,0.9152815013404826,0.9162640901771336,12867239432018.826,11443376298554.426,0.8851094320020013,10160539402180.172
39,12_space_ga,1.0,1.0,1.0,14601452824628.084,12570377730990.387,1.0,10160539402180.172
40,13_balloon,0.1,0.9683597002497918,0.975,0.0008830384817245163,0.0008157609111670171,0.5927597358830049,9.750066224999951e-05
41,13_balloon,0.2,0.9683597002497918,0.975,0.0008830384817245163,0.0008157609111670171,0.5927597358830049,9.750066224999951e-05
42,13_balloon,0.30000000000000004,0.9683597002497918,0.975,0.0008830384817245163,0.0008157609111670171,0.5927597358830049,9.750066224999951e-05
43,13_balloon,0.4,0.9683597002497918,0.975,0.0008830384817245163,0.0008157609111670171,0.5927597358830049,9.750066224999951e-05
44,13_balloon,0.5,0.9683597002497918,0.975,0.0008830384817245163,0.0008157609111670171,0.5927597358830049,9.750066224999951e-05
45,13_balloon,0.6,0.9683597002497918,0.975,0.0008830384817245163,0.0008157609111670171,0.5927597358830049,9.750066224999951e-05
46,13_balloon,0.7000000000000001,0.9683597002497918,0.975,0.0008830384817245163,0.0008157609111670171,0.5927597358830049,9.750066224999951e-05
47,13_balloon,0.8,0.9683597002497918,0.975,0.0008830384817245163,0.0008157609111670171,0.5927597358830049,9.750066224999951e-05
48,13_balloon,0.9,0.9683597002497918,0.975,0.0008830384817245163,0.0008157609111670171,0.5927597358830049,9.750066224999951e-05
49,13_balloon,1.0,1.0,1.0,0.0014167852150700894,0.0013042201188212838,1.0,9.750066224999951e-05
50,14_pm10,0.1,0.15614617940199335,0.10552763819095477,21234.80615375499,43324.04241286742,0.6287634212123543,39029.14622864322
51,14_pm10,0.2,0.22591362126245848,0.1708542713567839,23112.992865744658,57395.63233251932,0.951535223416027,39029.14622864322
52,14_pm10,0.30000000000000004,0.36212624584717606,0.2864321608040201,26183.940959338808,53514.41694272844,0.9794370230218822,39029.14622864322
53,14_pm10,0.4,0.4584717607973422,0.4120603015075377,28366.35525565349,48904.64464909952,0.9639090482596793,39029.14622864322
54,14_pm10,0.5,0.6046511627906976,0.5226130653266332,30691.270964609703,46436.70390096972,0.9544280438658158,39029.14622864322
55,14_pm10,0.6,0.6046511627906976,0.5226130653266332,30691.270964609703,46436.70390096972,0.9544280438658158,39029.14622864322
56,14_pm10,0.7000000000000001,0.7242524916943521,0.6582914572864321,32354.451485822527,43925.6787503503,0.9171908929141164,39029.14622864322
57,14_pm10,0.8,0.9335548172757475,0.8693467336683417,36369.6876862457,43551.31830091713,0.9611468475304367,39029.14622864322
58,14_pm10,0.9,0.9335548172757475,0.8693467336683417,36369.6876862457,43551.31830091713,0.9611468475304367,39029.14622864322
59,14_pm10,1.0,1.0,1.0,38564.24929864192,42027.70791602459,1.0,39029.14622864322
60,15_pollen,0.1,0.18319618882633174,0.17803768680961662,1117390.7186273935,1212443.123580405,0.8980956986231112,1320404.0909948668
61,15_pollen,0.2,0.5980944131658726,0.5984405458089669,1167967.0117501027,1217456.3561678885,1.0091273158701077,1320404.0909948668
62,15_pollen,0.30000000000000004,0.5980944131658726,0.5984405458089669,1167967.0117501027,1217456.3561678885,1.0091273158701077,1320404.0909948668
63,15_pollen,0.4,0.5980944131658726,0.5984405458089669,1167967.0117501027,1217456.3561678885,1.0091273158701077,1320404.0909948668
64,15_pollen,0.5,0.5980944131658726,0.5984405458089669,1167967.0117501027,1217456.3561678885,1.0091273158701077,1320404.0909948668
65,15_pollen,0.6,0.9034213945430922,0.9051332033788174,1230653.9716613512,1201318.5892581865,0.9990490545757679,1320404.0909948668
66,15_pollen,0.7000000000000001,0.9034213945430922,0.9051332033788174,1230653.9716613512,1201318.5892581865,0.9990490545757679,1320404.0909948668
67,15_pollen,0.8,0.9034213945430922,0.9051332033788174,1230653.9716613512,1201318.5892581865,0.9990490545757679,1320404.0909948668
68,15_pollen,0.9,0.9034213945430922,0.9051332033788174,1230653.9716613512,1201318.5892581865,0.9990490545757679,1320404.0909948668
69,15_pollen,1.0,1.0,1.0,1262680.3106094257,1202712.1446861983,1.0,1320404.0909948668
70,16_houses,0.1,0.31408962454582157,0.3125378558449425,0.07799779858458802,0.050489602454675694,0.07009447117506731,0.15242542236220502
71,16_houses,0.2,0.31408962454582157,0.3125378558449425,0.07799779858458802,0.050489602454675694,0.07009447117506731,0.15242542236220502
72,16_houses,0.30000000000000004,0.31408962454582157,0.3125378558449425,0.07799779858458802,0.050489602454675694,0.07009447117506731,0.15242542236220502
73,16_houses,0.4,0.4692773516350424,0.47522713506965475,0.11223034313117848,0.08432843568549227,0.1628629893200102,0.15242542236220502
74,16_houses,0.5,0.5547032700847799,0.5577225923682616,0.1371746997417172,0.1264367127836075,0.3183452906564649,0.15242542236220502
75,16_houses,0.6,0.7635042389987888,0.7718958207147184,0.19854264169997665,0.1930756872720757,0.4803615337114828,0.15242542236220502
76,16_houses,0.7000000000000001,0.7635042389987888,0.7718958207147184,0.19854264169997665,0.1930756872720757,0.4803615337114828,0.15242542236220502
77,16_houses,0.8,0.8141299959628583,0.8188976377952756,0.2185877684771282,0.20311300294203435,0.4908704610166634,0.15242542236220502
78,16_houses,0.9,0.9383124747678644,0.94076317383404,0.3170836156124499,0.2966025045448485,0.709319078793946,0.15242542236220502
79,16_houses,1.0,1.0,1.0,0.3918883229576648,0.3944275416543215,1.0,0.15242542236220502
80,18_no2,0.1,0.15282392026578073,0.11557788944723618,19348.743997773043,35426.336070553756,0.5206131106936905,32756.029831155778
81,18_no2,0.2,0.20930232558139536,0.19597989949748743,22172.819719482355,27152.60040599196,0.5860986784051553,32756.029831155778
82,18_no2,0.30000000000000004,0.31893687707641194,0.2864321608040201,26698.00813691973,31436.764311880113,0.7645880757853815,32756.029831155778
83,18_no2,0.4,0.8205980066445183,0.8492462311557789,33570.414830653,35344.29385656699,0.9259188290237903,32756.029831155778
84,18_no2,0.5,0.8205980066445183,0.8492462311557789,33570.414830653,35344.29385656699,0.9259188290237903,32756.029831155778
85,18_no2,0.6,0.8205980066445183,0.8492462311557789,33570.414830653,35344.29385656699,0.9259188290237903,32756.029831155778
86,18_no2,0.7000000000000001,0.8205980066445183,0.8492462311557789,33570.414830653,35344.29385656699,0.9259188290237903,32756.029831155778
87,18_no2,0.8,0.8205980066445183,0.8492462311557789,33570.414830653,35344.29385656699,0.9259188290237903,32756.029831155778
88,18_no2,0.9,0.9700996677740864,0.9698492462311558,37605.22955119903,36727.3036058854,1.0015861962455712,32756.029831155778
89,18_no2,1.0,1.0,1.0,38736.20334574221,35994.6291899556,1.0,32756.029831155778
90,19_strikes,0.1,0.19414893617021275,0.19678714859437751,0.0064707784494591565,0.000706080009121966,0.0058506804930898455,0.009410115461847387
91,19_strikes,0.2,0.20212765957446807,0.20883534136546184,0.0072053375424056335,0.0007120245833608074,0.0058417209433144265,0.009410115461847387
92,19_strikes,0.30000000000000004,0.38563829787234044,0.3855421686746988,0.01925301383502068,0.021290346351453892,0.2368429322058089,0.009410115461847387
93,19_strikes,0.4,0.47606382978723405,0.5100401606425703,0.030311554374374237,0.02955055878055248,0.32603116529260273,0.009410115461847387
94,19_strikes,0.5,0.5558510638297872,0.570281124497992,0.03743251245880977,0.02990762365436039,0.31840738656720763,0.009410115461847387
95,19_strikes,0.6,0.6622340425531915,0.6586345381526104,0.052595822293202844,0.04184717834484125,0.41957619105155725,0.009410115461847387
96,19_strikes,0.7000000000000001,0.9361702127659575,0.9236947791164659,0.07610476251041876,0.07058922790501193,0.7978636808035712,0.009410115461847387
97,19_strikes,0.8,0.9361702127659575,0.9236947791164659,0.07610476251041876,0.07058922790501193,0.7978636808035712,0.009410115461847387
98,19_strikes,0.9,0.9361702127659575,0.9236947791164659,0.07610476251041876,0.07058922790501193,0.7978636808035712,0.009410115461847387
99,19_strikes,1.0,1.0,1.0,0.08986416179035547,0.0880985985713144,1.0,0.009410115461847387
100,1_delta_elevators,0.1,0.292768341796533,0.3024172359432475,1.512258295614052e-06,1.7274588337145344e-06,0.7922562780312482,2.213852469784551e-06
101,1_delta_elevators,0.2,0.292768341796533,0.3024172359432475,1.512258295614052e-06,1.7274588337145344e-06,0.7922562780312482,2.213852469784551e-06
102,1_delta_elevators,0.30000000000000004,0.7834004552617755,0.7724645296899633,1.7763006202030323e-06,1.9523099981315285e-06,0.8966271182113014,2.213852469784551e-06
103,1_delta_elevators,0.4,0.7834004552617755,0.7724645296899633,1.7763006202030323e-06,1.9523099981315285e-06,0.8966271182113014,2.213852469784551e-06
104,1_delta_elevators,0.5,0.7834004552617755,0.7724645296899633,1.7763006202030323e-06,1.9523099981315285e-06,0.8966271182113014,2.213852469784551e-06
105,1_delta_elevators,0.6,0.7834004552617755,0.7724645296899633,1.7763006202030323e-06,1.9523099981315285e-06,0.8966271182113014,2.213852469784551e-06
106,1_delta_elevators,0.7000000000000001,0.7834004552617755,0.7724645296899633,1.7763006202030323e-06,1.9523099981315285e-06,0.8966271182113014,2.213852469784551e-06
107,1_delta_elevators,0.8,0.8748030117317458,0.8662637940094587,1.8712264359801605e-06,2.00324353409345e-06,0.9191145867855522,2.213852469784551e-06
108,1_delta_elevators,0.9,0.9119243565049904,0.9051497635312664,1.9070402310505717e-06,2.014074397419621e-06,0.924065469839136,2.213852469784551e-06
109,1_delta_elevators,1.0,1.0,1.0,2.0537175743614043e-06,2.1718203994243933e-06,1.0,2.213852469784551e-06
110,20_quake,0.1,0.6993114001530222,0.7049368541905855,0.03038462457422695,0.038540247793139484,1.0145894069450294,0.04297322836586303
111,20_quake,0.2,0.6993114001530222,0.7049368541905855,0.03038462457422695,0.038540247793139484,1.0145894069450294,0.04297322836586303
112,20_quake,0.30000000000000004,0.6993114001530222,0.7049368541905855,0.03038462457422695,0.038540247793139484,1.0145894069450294,0.04297322836586303
113,20_quake,0.4,0.6993114001530222,0.7049368541905855,0.03038462457422695,0.038540247793139484,1.0145894069450294,0.04297322836586303
114,20_quake,0.5,0.6993114001530222,0.7049368541905855,0.03038462457422695,0.038540247793139484,1.0145894069450294,0.04297322836586303
115,20_quake,0.6,0.6993114001530222,0.7049368541905855,0.03038462457422695,0.038540247793139484,1.0145894069450294,0.04297322836586303
116,20_quake,0.7000000000000001,0.9885233358837031,0.9885189437428243,0.032714502215757224,0.03771885096091403,0.9930473397043582,0.04297322836586303
117,20_quake,0.8,0.9885233358837031,0.9885189437428243,0.032714502215757224,0.03771885096091403,0.9930473397043582,0.04297322836586303
118,20_quake,0.9,0.9885233358837031,0.9885189437428243,0.032714502215757224,0.03771885096091403,0.9930473397043582,0.04297322836586303
119,20_quake,1.0,1.0,1.0,0.03430276780237794,0.03811237503158723,1.0,0.04297322836586303
120,21_cpu_small,0.1,0.10353946297803092,0.1108058608058608,2.3066860025083713,1.9332305161645051,0.01012277332320495,8.240139713064714
121,21_cpu_small,0.2,0.38039056143205857,0.3952991452991453,12.69522528827281,6.092982253775106,0.029110455352175112,8.240139713064714
122,21_cpu_small,0.30000000000000004,0.38039056143205857,0.3952991452991453,12.69522528827281,6.092982253775106,0.029110455352175112,8.240139713064714
123,21_cpu_small,0.4,0.4705044751830757,0.47863247863247865,15.069583495201897,7.898926447025231,0.036768834334121384,8.240139713064714
124,21_cpu_small,0.5,0.5176973148901546,0.5222832722832723,16.55880954118788,7.771087570155753,0.03523722702808776,8.240139713064714
125,21_cpu_small,0.6,0.6649715215622457,0.6703296703296703,21.44193348594481,9.48977802939518,0.042247555227160664,8.240139713064714
126,21_cpu_small,0.7000000000000001,0.7371847030105777,0.742979242979243,23.71169134721759,10.123129713721914,0.045318907477011366,8.240139713064714
127,21_cpu_small,0.8,0.8604556550040684,0.8614163614163615,29.855287202789864,9.780667133404263,0.04270448851842056,8.240139713064714
128,21_cpu_small,0.9,0.9029698942229455,0.9010989010989011,32.72500929069571,10.634963700234584,0.046299361711119154,8.240139713064714
129,21_cpu_small,1.0,1.0,1.0,96.30109152023826,102.23483975466914,0.9999999999999999,8.240139713064714
130,22_fried,0.1,0.3712031396917542,0.371742196602686,2.530143486887159,2.382785440508813,0.31907486802030777,1.7604029317421048
131,22_fried,0.2,0.3712031396917542,0.371742196602686,2.530143486887159,2.382785440508813,0.31907486802030777,1.7604029317421048
132,22_fried,0.30000000000000004,0.3712031396917542,0.371742196602686,2.530143486887159,2.382785440508813,0.31907486802030777,1.7604029317421048
133,22_fried,0.4,0.4067290789419893,0.4095787085300791,2.6868341797382223,2.4850479088875566,0.3337166372945874,1.7604029317421048
134,22_fried,0.5,0.5525121622174073,0.5603115226589808,3.493022718203244,3.301900735425757,0.4501709992424843,1.7604029317421048
135,22_fried,0.6,0.6364416826785495,0.6402771815784633,3.8482523864450617,3.5749423393791324,0.4827975588035328,1.7604029317421048
136,22_fried,0.7000000000000001,0.762315522668738,0.7641503648739805,4.292508317815571,4.292413188824772,0.5991443537160651,1.7604029317421048
137,22_fried,0.8,0.8336126895875067,0.8368798675415465,4.648050771066715,4.526433632567416,0.626218981788535,1.7604029317421048
138,22_fried,0.9,0.9011896488287479,0.9043355614153431,5.156357201600655,5.015131785860687,0.6863024958641928,1.7604029317421048
139,22_fried,1.0,1.0,1.0,6.890644043187932,6.975313138568534,1.0,1.7604029317421048
140,23_bank8FM,0.1,0.5954027664768105,0.5931013431013431,0.0007239447300112453,0.00068639746192823,0.3976969442290479,0.001036838982008949
141,23_bank8FM,0.2,0.5954027664768105,0.5931013431013431,0.0007239447300112453,0.00068639746192823,0.3976969442290479,0.001036838982008949
142,23_bank8FM,0.30000000000000004,0.5954027664768105,0.5931013431013431,0.0007239447300112453,0.00068639746192823,0.3976969442290479,0.001036838982008949
143,23_bank8FM,0.4,0.5954027664768105,0.5931013431013431,0.0007239447300112453,0.00068639746192823,0.3976969442290479,0.001036838982008949
144,23_bank8FM,0.5,0.5954027664768105,0.5931013431013431,0.0007239447300112453,0.00068639746192823,0.3976969442290479,0.001036838982008949
145,23_bank8FM,0.6,0.6641578519121237,0.6666666666666666,0.0008044927280276776,0.000791105245238257,0.4730188844047513,0.001036838982008949
146,23_bank8FM,0.7000000000000001,0.7595606183889341,0.757020757020757,0.0009197616667725311,0.000880582794238282,0.5595009371026225,0.001036838982008949
147,23_bank8FM,0.8,0.9206672091131001,0.9117826617826618,0.0010893347597557988,0.0010594702684321418,0.675382317727806,0.001036838982008949
148,23_bank8FM,0.9,0.9206672091131001,0.9117826617826618,0.0010893347597557988,0.0010594702684321418,0.675382317727806,0.001036838982008949
149,23_bank8FM,1.0,1.0,1.0,0.001514424127229278,0.0014934551337499522,1.0,0.001036838982008949
150,24_house_16H,0.1,0.14607563455489722,0.1461648194886426,117044997.31712414,75356461.61411054,0.028677064387025403,1035697746.916691
151,24_house_16H,0.2,0.24094799210006584,0.2464610995281466,167023967.45160624,79833135.95313562,0.02881490031286533,1035697746.916691
152,24_house_16H,0.30000000000000004,0.3037817277448614,0.3124108416547789,189882563.22122508,207847687.2242213,0.08240642345693318,1035697746.916691
153,24_house_16H,0.4,0.43091214980615905,0.44617579282343905,257181558.15183517,256617033.30269197,0.10770131205496448,1035697746.916691
154,24_house_16H,0.5,0.5216882451905493,0.5336332711511028,311064515.08089495,256888993.96821132,0.10808754527882336,1035697746.916691
155,24_house_16H,0.6,0.6095384390315266,0.6165916822122243,372088842.4250498,312018062.824181,0.13357167165819167,1035697746.916691
156,24_house_16H,0.7000000000000001,0.7005339770316729,0.7015252935367058,542297497.1355035,578777208.1816558,0.2561088875520316,1035697746.916691
157,24_house_16H,0.8,0.8486577426669593,0.8536157138154286,825725763.3115933,802052040.2660383,0.34998283891370174,1035697746.916691
158,24_house_16H,0.9,0.9256089532587228,0.9295511906068255,1207270352.233694,1167610619.0763404,0.5143772259133984,1035697746.916691
159,24_house_16H,1.0,1.0,1.0,2040071155.826562,2122974992.0791554,1.0,1035697746.916691
160,25_fri_c1_1000_10,0.1,0.1480865224625624,0.13784461152882205,0.08586982592491145,0.03459912335072167,0.01061286953710936,0.12161407640517037
161,25_fri_c1_1000_10,0.2,0.23793677204658903,0.20802005012531327,0.1038459481620831,0.11572035873453944,0.1498730028314463,0.12161407640517037
162,25_fri_c1_1000_10,0.30000000000000004,0.3594009983361065,0.3032581453634085,0.16657396358123847,0.17489812387746884,0.2310173682401174,0.12161407640517037
163,25_fri_c1_1000_10,0.4,0.40099833610648916,0.3483709273182957,0.18248183211437907,0.18144839847542804,0.24439662864216152,0.12161407640517037
164,25_fri_c1_1000_10,0.5,0.5590682196339434,0.47117794486215536,0.26009195163028714,0.2264414057188296,0.28827127082748516,0.12161407640517037
165,25_fri_c1_1000_10,0.6,0.6372712146422629,0.5538847117794486,0.3149974829161687,0.28993245864823824,0.3846755290471991,0.12161407640517037
166,25_fri_c1_1000_10,0.7000000000000001,0.7271214642262895,0.6942355889724311,0.386713991362853,0.35503224580883785,0.45773657999204487,0.12161407640517037
167,25_fri_c1_1000_10,0.8,0.8302828618968386,0.8020050125313283,0.46756353960402464,0.5044433196996521,0.6694144498021227,0.12161407640517037
168,25_fri_c1_1000_10,0.9,0.9118136439267887,0.8897243107769424,0.5608738265748292,0.5788453425765544,0.749708517647512,0.12161407640517037
169,25_fri_c1_1000_10,1.0,1.0,1.0,0.6964020957881945,0.7429088215507379,1.0,0.12161407640517037
170,26_fri_c0_1000_10,0.1,0.47587354409317806,0.47368421052631576,0.10026882287978382,0.14730179544827693,0.47828608908900505,0.17104394241450807
171,26_fri_c0_1000_10,0.2,0.47587354409317806,0.47368421052631576,0.10026882287978382,0.14730179544827693,0.47828608908900505,0.17104394241450807
172,26_fri_c0_1000_10,0.30000000000000004,0.47587354409317806,0.47368421052631576,0.10026882287978382,0.14730179544827693,0.47828608908900505,0.17104394241450807
173,26_fri_c0_1000_10,0.4,0.47587354409317806,0.47368421052631576,0.10026882287978382,0.14730179544827693,0.47828608908900505,0.17104394241450807
174,26_fri_c0_1000_10,0.5,0.610648918469218,0.5939849624060151,0.12638413861138686,0.15934579168321208,0.4768446650797995,0.17104394241450807
175,26_fri_c0_1000_10,0.6,0.610648918469218,0.5939849624060151,0.12638413861138686,0.15934579168321208,0.4768446650797995,0.17104394241450807
176,26_fri_c0_1000_10,0.7000000000000001,0.7554076539101497,0.7493734335839599,0.16151521501922916,0.2007823292722877,0.6239106100659781,0.17104394241450807
177,26_fri_c0_1000_10,0.8,0.8053244592346089,0.8070175438596491,0.17480995247198564,0.23177440395679957,0.7268811354175213,0.17104394241450807
178,26_fri_c0_1000_10,0.9,0.956738768718802,0.9699248120300752,0.22475713904243988,0.27628544220223455,0.8622296518984376,0.17104394241450807
179,26_fri_c0_1000_10,1.0,1.0,1.0,0.2828547614842528,0.3059764578234425,1.0,0.17104394241450807
180,27_fri_c2_500_5,0.1,0.13953488372093023,0.1457286432160804,0.06433816213330515,0.026041681648998508,0.007030430800178481,0.1362970556139704
181,27_fri_c2_500_5,0.2,0.2159468438538206,0.21608040201005024,0.09329447010618856,0.13202614463449044,0.16931655486039093,0.1362970556139704
182,27_fri_c2_500_5,0.30000000000000004,0.33222591362126247,0.34673366834170855,0.13562611620787463,0.17063473704735893,0.21201427294556635,0.1362970556139704
183,27_fri_c2_500_5,0.4,0.4019933554817276,0.41708542713567837,0.16422026420394373,0.1973659149546563,0.23262658705469047,0.1362970556139704
184,27_fri_c2_500_5,0.5,0.5116279069767442,0.5125628140703518,0.23337061193884426,0.2252699680917542,0.2746438806807615,0.1362970556139704
185,27_fri_c2_500_5,0.6,0.6013289036544851,0.6080402010050251,0.28972252050579267,0.30416428538721924,0.38321256266129794,0.1362970556139704
186,27_fri_c2_500_5,0.7000000000000001,0.7441860465116279,0.7638190954773869,0.39032157520689176,0.46886776716587564,0.6087047533118076,0.1362970556139704
187,27_fri_c2_500_5,0.8,0.8272425249169435,0.7939698492462312,0.4584636642683498,0.47817414107157064,0.6340375289415535,0.1362970556139704
188,27_fri_c2_500_5,0.9,0.9867109634551495,1.0,0.6815915813035005,0.7411678970944745,1.0,0.1362970556139704
189,27_fri_c2_500_5,1.0,1.0,1.0,0.7259877494589765,0.7390999418095094,1.0,0.1362970556139704
190,28_fri_c2_1000_5,0.1,0.11314475873544093,0.10776942355889724,0.09285220674520807,0.038528344011174796,0.007303242954363379,0.0795068453281071
191,28_fri_c2_1000_5,0.2,0.22296173044925124,0.19298245614035087,0.15726979906647465,0.02762755736318773,0.006399190123097167,0.0795068453281071
192,28_fri_c2_1000_5,0.30000000000000004,0.40099833610648916,0.43358395989974935,0.24437561646735226,0.26631869608381253,0.20624072426149137,0.0795068453281071
193,28_fri_c2_1000_5,0.4,0.40099833610648916,0.43358395989974935,0.24437561646735226,0.26631869608381253,0.20624072426149137,0.0795068453281071
194,28_fri_c2_1000_5,0.5,0.5524126455906821,0.5363408521303258,0.2892605716390785,0.34293775469358895,0.47009346913319244,0.0795068453281071
195,28_fri_c2_1000_5,0.6,0.7038269550748752,0.6917293233082706,0.3539879530148677,0.3691452009089243,0.4904300640849646,0.0795068453281071
196,28_fri_c2_1000_5,0.7000000000000001,0.7038269550748752,0.6917293233082706,0.3539879530148677,0.3691452009089243,0.4904300640849646,0.0795068453281071
197,28_fri_c2_1000_5,0.8,0.8286189683860233,0.8170426065162907,0.4585733110432958,0.49288107490616695,0.6109461013769689,0.0795068453281071
198,28_fri_c2_1000_5,0.9,0.9800332778702163,0.9849624060150376,0.656149885214145,0.6648582091567313,0.956386150775044,0.0795068453281071
199,28_fri_c2_1000_5,1.0,1.0,1.0,0.6995501391313931,0.7147619016531606,1.0,0.0795068453281071
200,29_fri_c4_500_10,0.1,0.12292358803986711,0.07537688442211055,0.05814830177457511,0.0682433343254798,0.019230528121628256,0.16709642875498223
201,29_fri_c4_500_10,0.2,0.2159468438538206,0.18090452261306533,0.12483330311476477,0.2990494712580521,0.4214293057520419,0.16709642875498223
202,29_fri_c4_500_10,0.30000000000000004,0.33222591362126247,0.2964824120603015,0.16999935187641793,0.27511571548567976,0.34884271464009475,0.16709642875498223
203,29_fri_c4_500_10,0.4,0.4186046511627907,0.38190954773869346,0.19752783921337905,0.3402901668343998,0.47690616128644586,0.16709642875498223
204,29_fri_c4_500_10,0.5,0.5813953488372093,0.5879396984924623,0.25990377303044476,0.3607986527678133,0.46326132868512315,0.16709642875498223
205,29_fri_c4_500_10,0.6,0.6046511627906976,0.6080402010050251,0.2782984946020074,0.39722684864548186,0.5298337058351871,0.16709642875498223
206,29_fri_c4_500_10,0.7000000000000001,0.7209302325581395,0.6984924623115578,0.38073044266730127,0.38355729210431777,0.46288639131356146,0.16709642875498223
207,29_fri_c4_500_10,0.8,0.8006644518272426,0.7839195979899497,0.4666587574129844,0.45162988360515005,0.6255596233630928,0.16709642875498223
208,29_fri_c4_500_10,0.9,0.9269102990033222,0.914572864321608,0.6169283438751896,0.5616681480421676,0.7779130996820603,0.16709642875498223
209,29_fri_c4_500_10,1.0,1.0,1.0,0.7804610451205056,0.6944274058826525,1.0,0.16709642875498223
210,2_quake,0.1,0.6993114001530222,0.7049368541905855,0.03038462457422695,0.038540247793139484,1.0145894069450294,0.04316341572873478
211,2_quake,0.2,0.6993114001530222,0.7049368541905855,0.03038462457422695,0.038540247793139484,1.0145894069450294,0.04316341572873478
212,2_quake,0.30000000000000004,0.6993114001530222,0.7049368541905855,0.03038462457422695,0.038540247793139484,1.0145894069450294,0.04316341572873478
213,2_quake,0.4,0.6993114001530222,0.7049368541905855,0.03038462457422695,0.038540247793139484,1.0145894069450294,0.04316341572873478
214,2_quake,0.5,0.6993114001530222,0.7049368541905855,0.03038462457422695,0.038540247793139484,1.0145894069450294,0.04316341572873478
215,2_quake,0.6,0.6993114001530222,0.7049368541905855,0.03038462457422695,0.038540247793139484,1.0145894069450294,0.04316341572873478
216,2_quake,0.7000000000000001,0.9885233358837031,0.9885189437428243,0.032714502215757224,0.03771885096091403,0.9930473397043582,0.04316341572873478
217,2_quake,0.8,0.9885233358837031,0.9885189437428243,0.032714502215757224,0.03771885096091403,0.9930473397043582,0.04316341572873478
218,2_quake,0.9,0.9885233358837031,0.9885189437428243,0.032714502215757224,0.03771885096091403,0.9930473397043582,0.04316341572873478
219,2_quake,1.0,1.0,1.0,0.03430276780237794,0.03811237503158723,1.0,0.04316341572873478
220,30_fri_c2_1000_10,0.1,0.11148086522462562,0.10776942355889724,0.07381527241279215,0.023233176293596485,0.007807541649985768,0.1173684105610561
221,30_fri_c2_1000_10,0.2,0.22795341098169716,0.23308270676691728,0.11114231135759388,0.2042261766432208,0.28898618470174825,0.1173684105610561
222,30_fri_c2_1000_10,0.30000000000000004,0.33777038269550747,0.3132832080200501,0.14331247959496413,0.2069789974329987,0.2858247718415885,0.1173684105610561
223,30_fri_c2_1000_10,0.4,0.4525790349417637,0.40852130325814534,0.20983814935657186,0.2539288349435719,0.3179203395556934,0.1173684105610561
224,30_fri_c2_1000_10,0.5,0.5091514143094842,0.48120300751879697,0.2421245923110381,0.28473761894387906,0.38495866503813286,0.1173684105610561
225,30_fri_c2_1000_10,0.6,0.6555740432612313,0.6491228070175439,0.31001720258435056,0.3539694455258499,0.5017078398555349,0.1173684105610561
226,30_fri_c2_1000_10,0.7000000000000001,0.7504159733777038,0.7418546365914787,0.3667716057647792,0.39117581833357773,0.534853660352268,0.1173684105610561
227,30_fri_c2_1000_10,0.8,0.8053244592346089,0.7969924812030075,0.4130748015125729,0.44737591151864525,0.6086817241549912,0.1173684105610561
228,30_fri_c2_1000_10,0.9,0.9118136439267887,0.9147869674185464,0.5542181352040328,0.6086160607324602,0.8209405352926068,0.1173684105610561
229,30_fri_c2_1000_10,1.0,1.0,1.0,0.6878874744509709,0.7017019574282061,1.0,0.1173684105610561
230,31_fri_c3_1000_10,0.1,0.10815307820299501,0.14786967418546365,0.05269278497569879,0.030672565646767208,0.010532125129034429,0.13721420168032683
231,31_fri_c3_1000_10,0.2,0.26455906821963393,0.2857142857142857,0.16089075036071215,0.15313168207824787,0.21405172939497435,0.13721420168032683
232,31_fri_c3_1000_10,0.30000000000000004,0.30948419301164726,0.3283208020050125,0.18114974944436169,0.14832735146510953,0.19861177522220816,0.13721420168032683
233,31_fri_c3_1000_10,0.4,0.47753743760399336,0.5012531328320802,0.2630428550081014,0.29182792434941895,0.40104638163583894,0.13721420168032683
234,31_fri_c3_1000_10,0.5,0.5557404326123128,0.5914786967418546,0.29860051834998586,0.3003352591477777,0.4150063929404403,0.13721420168032683
235,31_fri_c3_1000_10,0.6,0.6555740432612313,0.7092731829573935,0.35651190838981456,0.3831739986460247,0.5319968869906272,0.13721420168032683
236,31_fri_c3_1000_10,0.7000000000000001,0.7071547420965059,0.7543859649122807,0.3998313420587252,0.4465995994736581,0.5997780564926954,0.13721420168032683
237,31_fri_c3_1000_10,0.8,0.8202995008319468,0.8546365914786967,0.4995888874731468,0.5309825943878831,0.7065896829489703,0.13721420168032683
238,31_fri_c3_1000_10,0.9,0.9168053244592346,0.9298245614035088,0.5972141989540911,0.5888762438427294,0.821774086714974,0.13721420168032683
239,31_fri_c3_1000_10,1.0,1.0,1.0,0.7392159721811693,0.71071836086305,1.0,0.13721420168032683
240,32_fri_c0_1000_5,0.1,0.7304492512479202,0.7167919799498746,0.1582572583321219,0.17592228906556753,0.5407232343686089,0.1533089314938786
241,32_fri_c0_1000_5,0.2,0.7304492512479202,0.7167919799498746,0.1582572583321219,0.17592228906556753,0.5407232343686089,0.1533089314938786
242,32_fri_c0_1000_5,0.30000000000000004,0.7304492512479202,0.7167919799498746,0.1582572583321219,0.17592228906556753,0.5407232343686089,0.1533089314938786
243,32_fri_c0_1000_5,0.4,0.7304492512479202,0.7167919799498746,0.1582572583321219,0.17592228906556753,0.5407232343686089,0.1533089314938786
244,32_fri_c0_1000_5,0.5,0.7304492512479202,0.7167919799498746,0.1582572583321219,0.17592228906556753,0.5407232343686089,0.1533089314938786
245,32_fri_c0_1000_5,0.6,0.7304492512479202,0.7167919799498746,0.1582572583321219,0.17592228906556753,0.5407232343686089,0.1533089314938786
246,32_fri_c0_1000_5,0.7000000000000001,0.7304492512479202,0.7167919799498746,0.1582572583321219,0.17592228906556753,0.5407232343686089,0.1533089314938786
247,32_fri_c0_1000_5,0.8,0.8469217970049917,0.8471177944862155,0.1904130097462088,0.22076417632507728,0.7338771963428348,0.1533089314938786
248,32_fri_c0_1000_5,0.9,0.9018302828618968,0.8922305764411027,0.20926785562937514,0.23996041264057294,0.7818286588453925,0.1533089314938786
249,32_fri_c0_1000_5,1.0,1.0,1.0,0.25855386428473187,0.29773217534184315,1.0,0.1533089314938786
250,33_fri_c1_1000_5,0.1,0.4442595673876872,0.42105263157894735,0.29861740049300645,0.27619744493463144,0.246696639787583,0.0697864797326462
251,33_fri_c1_1000_5,0.2,0.4442595673876872,0.42105263157894735,0.29861740049300645,0.27619744493463144,0.246696639787583,0.0697864797326462
252,33_fri_c1_1000_5,0.30000000000000004,0.4442595673876872,0.42105263157894735,0.29861740049300645,0.27619744493463144,0.246696639787583,0.0697864797326462
253,33_fri_c1_1000_5,0.4,0.4442595673876872,0.42105263157894735,0.29861740049300645,0.27619744493463144,0.246696639787583,0.0697864797326462
254,33_fri_c1_1000_5,0.5,0.540765391014975,0.506265664160401,0.32604981036750796,0.34212950517340907,0.4265768132786376,0.0697864797326462
255,33_fri_c1_1000_5,0.6,0.6123128119800333,0.6140350877192983,0.3628526012333134,0.40066616036845437,0.47044745968998564,0.0697864797326462
256,33_fri_c1_1000_5,0.7000000000000001,0.7088186356073212,0.7518796992481203,0.4335195105699524,0.459399192347286,0.5604297425123576,0.0697864797326462
257,33_fri_c1_1000_5,0.8,0.8086522462562395,0.8370927318295739,0.5046420495938406,0.5279076163272373,0.7011627288737189,0.0697864797326462
258,33_fri_c1_1000_5,0.9,0.9168053244592346,0.9323308270676691,0.6133758838487524,0.6224035259059543,0.7791401661568499,0.0697864797326462
259,33_fri_c1_1000_5,1.0,1.0,1.0,0.7594191078697498,0.728770338050849,1.0,0.0697864797326462
260,34_fri_c3_500_5,0.1,0.19601328903654486,0.135678391959799,0.07613176995172441,0.025930595314998434,0.00537208471566069,0.1548798231349304
261,34_fri_c3_500_5,0.2,0.2724252491694352,0.20603015075376885,0.14695233680813266,0.03153713161735202,0.007467295171776902,0.1548798231349304
262,34_fri_c3_500_5,0.30000000000000004,0.3289036544850498,0.2613065326633166,0.1785686771871931,0.03277942340415227,0.007653434353754488,0.1548798231349304
263,34_fri_c3_500_5,0.4,0.4750830564784053,0.457286432160804,0.23649323435329714,0.33035612844064177,0.3290626422941586,0.1548798231349304
264,34_fri_c3_500_5,0.5,0.521594684385382,0.49246231155778897,0.24998477319611098,0.4023066220042751,0.36133366477080525,0.1548798231349304
265,34_fri_c3_500_5,0.6,0.7043189368770764,0.6683417085427136,0.393673890723533,0.5004141231360713,0.41251805870666025,0.1548798231349304
266,34_fri_c3_500_5,0.7000000000000001,0.7043189368770764,0.6683417085427136,0.393673890723533,0.5004141231360713,0.41251805870666025,0.1548798231349304
267,34_fri_c3_500_5,0.8,0.8737541528239202,0.8391959798994975,0.5072971668843022,0.6070340909831302,0.6125518833871668,0.1548798231349304
268,34_fri_c3_500_5,0.9,0.9003322259136213,0.8743718592964824,0.5403552480741449,0.6014760859836852,0.63710923714976,0.1548798231349304
269,34_fri_c3_500_5,1.0,1.0,1.0,0.7065862829409681,0.8766257745844284,1.0000000000000002,0.1548798231349304
270,35_fri_c4_1000_10,0.1,0.14309484193011648,0.13784461152882205,0.06723182792686047,0.021612829282585354,0.005259691311154345,0.11567787418023413
271,35_fri_c4_1000_10,0.2,0.20133111480865223,0.19298245614035087,0.10630956862742826,0.023851915932888136,0.004873465160397233,0.11567787418023413
272,35_fri_c4_1000_10,0.30000000000000004,0.33111480865224624,0.2982456140350877,0.15974269204013075,0.23250752938556643,0.29505435936402763,0.11567787418023413
273,35_fri_c4_1000_10,0.4,0.4292845257903494,0.39348370927318294,0.2025724191388194,0.38278257925746634,0.49775488596116696,0.11567787418023413
274,35_fri_c4_1000_10,0.5,0.5773710482529119,0.5388471177944862,0.269438488036347,0.4193042134400281,0.5432065434493674,0.11567787418023413
275,35_fri_c4_1000_10,0.6,0.6156405990016639,0.5889724310776943,0.29113293723859635,0.43568767242073264,0.5646749952214221,0.11567787418023413
276,35_fri_c4_1000_10,0.7000000000000001,0.7321131447587355,0.7042606516290727,0.3622578541910819,0.4857309220684728,0.6211987416945715,0.11567787418023413
277,35_fri_c4_1000_10,0.8,0.8386023294509152,0.8245614035087719,0.456731295942993,0.5599118046163553,0.703076154788773,0.11567787418023413
278,35_fri_c4_1000_10,0.9,0.956738768718802,0.9598997493734336,0.6216261198648787,0.7128753133206673,0.885732507390378,0.11567787418023413
279,35_fri_c4_1000_10,1.0,1.0,1.0,0.6860609283111878,0.7579720479897352,1.0,0.11567787418023413
280,36_fri_c2_500_10,0.1,0.11960132890365449,0.1407035175879397,0.03559707335067374,0.2640130947090956,0.323995683018935,0.13360926506009776
281,36_fri_c2_500_10,0.2,0.2691029900332226,0.2814070351758794,0.1029948068404099,0.21594522642399777,0.26345572675465745,0.13360926506009776
282,36_fri_c2_500_10,0.30000000000000004,0.3122923588039867,0.3015075376884422,0.12609567506494512,0.20924685259307577,0.24876772481340276,0.13360926506009776
283,36_fri_c2_500_10,0.4,0.42524916943521596,0.38190954773869346,0.19733570181207402,0.332539750528596,0.4247498422665395,0.13360926506009776
284,36_fri_c2_500_10,0.5,0.5348837209302325,0.5376884422110553,0.2538083581275477,0.29030531494045964,0.3593175565180968,0.13360926506009776
285,36_fri_c2_500_10,0.6,0.6046511627906976,0.6080402010050251,0.2841232026956346,0.33120400686604173,0.4059443453650662,0.13360926506009776
286,36_fri_c2_500_10,0.7000000000000001,0.7009966777408638,0.6834170854271356,0.34214650409243286,0.4320061895503599,0.5425410423375465,0.13360926506009776
287,36_fri_c2_500_10,0.8,0.8504983388704319,0.8793969849246231,0.5158815721474969,0.6577085268707561,0.8425170515759804,0.13360926506009776
288,36_fri_c2_500_10,0.9,0.9003322259136213,0.9045226130653267,0.5860006537704694,0.7478189332495867,0.9362408124792158,0.13360926506009776
289,36_fri_c2_500_10,1.0,1.0,1.0,0.7467807038841057,0.7518862870863592,1.0,0.13360926506009776
290,37_fri_c3_1000_5,0.1,0.16805324459234608,0.17293233082706766,0.144820401505288,0.02893449776367999,0.006475717114453851,0.08433345450307665
291,37_fri_c3_1000_5,0.2,0.21630615640599002,0.21804511278195488,0.16201457188078638,0.22283738061798156,0.2641504815507679,0.08433345450307665
292,37_fri_c3_1000_5,0.30000000000000004,0.324459234608985,0.3308270676691729,0.2514193295473148,0.27180017494683617,0.3643314132057769,0.08433345450307665
293,37_fri_c3_1000_5,0.4,0.6439267886855241,0.6591478696741855,0.4302722747007507,0.4000228145033027,0.5192315469868887,0.08433345450307665
294,37_fri_c3_1000_5,0.5,0.6439267886855241,0.6591478696741855,0.4302722747007507,0.4000228145033027,0.5192315469868887,0.08433345450307665
295,37_fri_c3_1000_5,0.6,0.6439267886855241,0.6591478696741855,0.4302722747007507,0.4000228145033027,0.5192315469868887,0.08433345450307665
296,37_fri_c3_1000_5,0.7000000000000001,0.8119800332778702,0.8295739348370927,0.5088242784764466,0.5473799085476728,0.7374664698919599,0.08433345450307665
297,37_fri_c3_1000_5,0.8,0.8119800332778702,0.8295739348370927,0.5088242784764466,0.5473799085476728,0.7374664698919599,0.08433345450307665
298,37_fri_c3_1000_5,0.9,0.9101497504159733,0.9473684210526315,0.619833254812959,0.6161914602737966,0.8353288419782096,0.08433345450307665
299,37_fri_c3_1000_5,1.0,1.0,1.0,0.7625352462636047,0.7068844200906397,1.0,0.08433345450307665
300,38_fri_c1_500_5,0.1,0.3023255813953488,0.2964824120603015,0.2279872541279984,0.057884023125669,0.010945387050542432,0.13957958527524822
301,38_fri_c1_500_5,0.2,0.3023255813953488,0.2964824120603015,0.2279872541279984,0.057884023125669,0.010945387050542432,0.13957958527524822
302,38_fri_c1_500_5,0.30000000000000004,0.3023255813953488,0.2964824120603015,0.2279872541279984,0.057884023125669,0.010945387050542432,0.13957958527524822
303,38_fri_c1_500_5,0.4,0.46511627906976744,0.39195979899497485,0.25400878651234615,0.27391837497507,0.24563002400821973,0.13957958527524822
304,38_fri_c1_500_5,0.5,0.5581395348837209,0.5175879396984925,0.29282248400296595,0.3772666529472391,0.48429044947234456,0.13957958527524822
305,38_fri_c1_500_5,0.6,0.6611295681063123,0.678391959798995,0.34704478819811757,0.46823534550513557,0.6207958734898024,0.13957958527524822
306,38_fri_c1_500_5,0.7000000000000001,0.7906976744186046,0.7788944723618091,0.4289496327261264,0.5361829987492877,0.7115501258877304,0.13957958527524822
307,38_fri_c1_500_5,0.8,0.8106312292358804,0.8040201005025126,0.44396718877193314,0.5383708133644742,0.7178993282640438,0.13957958527524822
308,38_fri_c1_500_5,0.9,0.9269102990033222,0.8894472361809045,0.6039007353125537,0.6146720688563481,0.8026803443618283,0.13957958527524822
309,38_fri_c1_500_5,1.0,1.0,1.0,0.7188178656372819,0.7463888945932294,1.0,0.13957958527524822
310,39_fri_c1_500_10,0.1,0.19601328903654486,0.16080402010050251,0.12703628194095987,0.1768799018338054,0.21536998335474056,0.1528291029833465
311,39_fri_c1_500_10,0.2,0.26245847176079734,0.23618090452261306,0.14365797872067093,0.17300624314974203,0.19222163137924608,0.1528291029833465
312,39_fri_c1_500_10,0.30000000000000004,0.3588039867109635,0.32160804020100503,0.1722163036583313,0.38245529327297245,0.4765278319075643,0.1528291029833465
313,39_fri_c1_500_10,0.4,0.4152823920265781,0.3869346733668342,0.20001628892212456,0.4023273516830526,0.48525814798514105,0.1528291029833465
314,39_fri_c1_500_10,0.5,0.5049833887043189,0.4623115577889447,0.24322251005748907,0.3697961060779266,0.46488671312313146,0.1528291029833465
315,39_fri_c1_500_10,0.6,0.6212624584717608,0.6030150753768844,0.31813986878810313,0.4681384999960068,0.6027335667949494,0.1528291029833465
316,39_fri_c1_500_10,0.7000000000000001,0.7142857142857143,0.7286432160804021,0.3902857295499308,0.4457101569921357,0.56310652974621,0.1528291029833465
317,39_fri_c1_500_10,0.8,0.8372093023255814,0.7939698492462312,0.48284594044550755,0.5355215967531419,0.6600350559632633,0.1528291029833465
318,39_fri_c1_500_10,0.9,0.9501661129568106,0.949748743718593,0.6373265242682491,0.7270669981912838,0.9673291379657142,0.1528291029833465
319,39_fri_c1_500_10,1.0,1.0,1.0,0.7366422476603663,0.7730357704221342,1.0,0.1528291029833465
320,3_2dplanes,0.1,0.10134499816033686,0.09419267799104679,1.7861102635869228,1.7921233014594078,8.116110428985412e-27,1.2737407242167285
321,3_2dplanes,0.2,0.2980663096357467,0.3018335684062059,2.401635545579857,2.37510871351513,0.4096010935225779,1.2737407242167285
322,3_2dplanes,0.30000000000000004,0.34724663750459916,0.350095051205004,2.54636274521709,2.617612418771688,0.4568267281068968,1.2737407242167285
323,3_2dplanes,0.4,0.4448305465843588,0.4434905255411786,2.8227021720297536,2.8445619478813127,0.48869918878702645,1.2737407242167285
324,3_2dplanes,0.5,0.5440088303830587,0.5426503955356595,3.061618873111269,3.0714636782795552,0.5300173797779192,1.2737407242167285
325,3_2dplanes,0.6,0.643800335227505,0.6403385049365303,3.333326739048237,3.441446080438496,0.6011201417167567,1.2737407242167285
326,3_2dplanes,0.7000000000000001,0.7169371652835125,0.7178512295333292,3.554109450859453,3.6469491134247,0.633642899043592,1.2737407242167285
327,3_2dplanes,0.8,0.8416254445852581,0.8398233887287668,4.158449047133922,4.166035897413305,0.7201691777535995,1.2737407242167285
328,3_2dplanes,0.9,0.961326192714934,0.9604464340467284,5.140654760143317,5.169830999733484,0.899312617483123,1.2737407242167285
329,3_2dplanes,1.0,1.0,1.0,5.66377427641429,5.720155130066601,1.0,1.2737407242167285
330,40_fri_c3_500_10,0.1,0.10299003322259136,0.05527638190954774,0.036624255053161935,0.046403565817026246,0.017781166211440956,0.15146058086746902
331,40_fri_c3_500_10,0.2,0.34219269102990035,0.2814070351758794,0.171258286576819,0.3700516941794126,0.556419810958146,0.15146058086746902
332,40_fri_c3_500_10,0.30000000000000004,0.34219269102990035,0.2814070351758794,0.171258286576819,0.3700516941794126,0.556419810958146,0.15146058086746902
333,40_fri_c3_500_10,0.4,0.4053156146179402,0.31155778894472363,0.20189036926364745,0.5172663104685549,0.6861468532538141,0.15146058086746902
334,40_fri_c3_500_10,0.5,0.5282392026578073,0.44221105527638194,0.27967649889753027,0.44674987077278466,0.5854791260093228,0.15146058086746902
335,40_fri_c3_500_10,0.6,0.6611295681063123,0.5979899497487438,0.3636059430583995,0.49688343370323934,0.6624092997355057,0.15146058086746902
336,40_fri_c3_500_10,0.7000000000000001,0.7574750830564784,0.6834170854271356,0.4269264169838457,0.5318512836342464,0.7411505714682876,0.15146058086746902
337,40_fri_c3_500_10,0.8,0.8205980066445183,0.7487437185929648,0.4766407917683326,0.5786383992330195,0.8236703189891639,0.15146058086746902
338,40_fri_c3_500_10,0.9,0.9036544850498339,0.8492462311557789,0.542547714570748,0.6431287311388166,0.9265664990659322,0.15146058086746902
339,40_fri_c3_500_10,1.0,1.0,1.0,0.7099319826858427,0.6701031891340834,1.0,0.15146058086746902
340,41_fri_c0_500_5,0.1,0.717607973421927,0.7738693467336684,0.15693607190833128,0.2043997808317483,0.8230568435851815,0.19168996547386694
341,41_fri_c0_500_5,0.2,0.717607973421927,0.7738693467336684,0.15693607190833128,0.2043997808317483,0.8230568435851815,0.19168996547386694
342,41_fri_c0_500_5,0.30000000000000004,0.717607973421927,0.7738693467336684,0.15693607190833128,0.2043997808317483,0.8230568435851815,0.19168996547386694
343,41_fri_c0_500_5,0.4,0.717607973421927,0.7738693467336684,0.15693607190833128,0.2043997808317483,0.8230568435851815,0.19168996547386694
344,41_fri_c0_500_5,0.5,0.717607973421927,0.7738693467336684,0.15693607190833128,0.2043997808317483,0.8230568435851815,0.19168996547386694
345,41_fri_c0_500_5,0.6,0.717607973421927,0.7738693467336684,0.15693607190833128,0.2043997808317483,0.8230568435851815,0.19168996547386694
346,41_fri_c0_500_5,0.7000000000000001,0.717607973421927,0.7738693467336684,0.15693607190833128,0.2043997808317483,0.8230568435851815,0.19168996547386694
347,41_fri_c0_500_5,0.8,0.840531561461794,0.864321608040201,0.18044632208684133,0.2449561208050649,0.9282607955773975,0.19168996547386694
348,41_fri_c0_500_5,0.9,0.9302325581395349,0.9597989949748744,0.21222916811288,0.25743457049103835,0.9792000143554671,0.19168996547386694
349,41_fri_c0_500_5,1.0,1.0,1.0,0.2879962380927957,0.27243259443116813,1.0000000000000002,0.19168996547386694
350,42_fri_c0_500_10,0.1,0.30564784053156147,0.2964824120603015,0.0684980573260422,0.1937225247647335,0.5013318674164359,0.21538716104149938
351,42_fri_c0_500_10,0.2,0.30564784053156147,0.2964824120603015,0.0684980573260422,0.1937225247647335,0.5013318674164359,0.21538716104149938
352,42_fri_c0_500_10,0.30000000000000004,0.30564784053156147,0.2964824120603015,0.0684980573260422,0.1937225247647335,0.5013318674164359,0.21538716104149938
353,42_fri_c0_500_10,0.4,0.4584717607973422,0.4321608040201005,0.08616204953207734,0.20826150193959886,0.5717449903054924,0.21538716104149938
354,42_fri_c0_500_10,0.5,0.5448504983388704,0.507537688442211,0.09513200757394438,0.21576869129948528,0.6228102808554893,0.21538716104149938
355,42_fri_c0_500_10,0.6,0.6312292358803987,0.628140703517588,0.10625708094423303,0.1953168749771585,0.5548401944997964,0.21538716104149938
356,42_fri_c0_500_10,0.7000000000000001,0.7009966777408638,0.6884422110552764,0.12028370783250136,0.22101909614385137,0.6295493890450573,0.21538716104149938
357,42_fri_c0_500_10,0.8,0.8039867109634552,0.8140703517587939,0.144793957186014,0.25741325893470896,0.7297518545981171,0.21538716104149938
358,42_fri_c0_500_10,0.9,0.9102990033222591,0.9045226130653267,0.19170599583866924,0.25550211863470473,0.6936007033352058,0.21538716104149938
359,42_fri_c0_500_10,1.0,1.0,1.0,0.3040255487935145,0.355916524814625,1.0,0.21538716104149938
360,43_rmftsa_ladata,0.1,0.4426229508196721,0.41379310344827586,18.785726932097667,35.954402384426125,0.6566571530773432,39.88812023980291
361,43_rmftsa_ladata,0.2,0.4426229508196721,0.41379310344827586,18.785726932097667,35.954402384426125,0.6566571530773432,39.88812023980291
362,43_rmftsa_ladata,0.30000000000000004,0.4426229508196721,0.41379310344827586,18.785726932097667,35.954402384426125,0.6566571530773432,39.88812023980291
363,43_rmftsa_ladata,0.4,0.4426229508196721,0.41379310344827586,18.785726932097667,35.954402384426125,0.6566571530773432,39.88812023980291
364,43_rmftsa_ladata,0.5,0.5770491803278689,0.5566502463054187,19.60662068389906,38.765081772371005,0.75028598479631,39.88812023980291
365,43_rmftsa_ladata,0.6,0.8065573770491803,0.7881773399014779,21.8406688114648,36.03270445115949,0.7059041897717182,39.88812023980291
366,43_rmftsa_ladata,0.7000000000000001,0.8065573770491803,0.7881773399014779,21.8406688114648,36.03270445115949,0.7059041897717182,39.88812023980291
367,43_rmftsa_ladata,0.8,0.8065573770491803,0.7881773399014779,21.8406688114648,36.03270445115949,0.7059041897717182,39.88812023980291
368,43_rmftsa_ladata,0.9,0.9016393442622951,0.8817733990147784,26.561526770499924,38.927148073727125,0.7802544129972179,39.88812023980291
369,43_rmftsa_ladata,1.0,1.0,1.0,42.690011030619516,49.23174488788404,0.9999999999999999,39.88812023980291
370,44_disclosure_x_tampered,0.1,0.6306532663316583,0.6666666666666666,739098650.4465075,873392550.4531815,1.0309841923020668,1001009482.6053994
371,44_disclosure_x_tampered,0.2,0.6306532663316583,0.6666666666666666,739098650.4465075,873392550.4531815,1.0309841923020668,1001009482.6053994
372,44_disclosure_x_tampered,0.30000000000000004,0.6306532663316583,0.6666666666666666,739098650.4465075,873392550.4531815,1.0309841923020668,1001009482.6053994
373,44_disclosure_x_tampered,0.4,0.6306532663316583,0.6666666666666666,739098650.4465075,873392550.4531815,1.0309841923020668,1001009482.6053994
374,44_disclosure_x_tampered,0.5,0.6306532663316583,0.6666666666666666,739098650.4465075,873392550.4531815,1.0309841923020668,1001009482.6053994
375,44_disclosure_x_tampered,0.6,0.6306532663316583,0.6666666666666666,739098650.4465075,873392550.4531815,1.0309841923020668,1001009482.6053994
376,44_disclosure_x_tampered,0.7000000000000001,0.7261306532663316,0.7537878787878788,754862820.7481028,850300258.4772505,1.0044014830131611,1001009482.6053994
377,44_disclosure_x_tampered,0.8,0.964824120603015,0.9545454545454546,836423032.996677,846464848.6792978,1.008890263426646,1001009482.6053994
378,44_disclosure_x_tampered,0.9,0.964824120603015,0.9545454545454546,836423032.996677,846464848.6792978,1.008890263426646,1001009482.6053994
379,44_disclosure_x_tampered,1.0,1.0,1.0,946661409.6168046,840198513.1537919,1.0,1001009482.6053994
380,45_disclosure_z,0.1,0.17839195979899497,0.17045454545454544,317532097.3462396,468767192.78572005,0.5936249696107833,665249957.7662995
381,45_disclosure_z,0.2,0.9296482412060302,0.9053030303030303,462552957.8114662,552789038.4737936,0.9526569638122624,665249957.7662995
382,45_disclosure_z,0.30000000000000004,0.9296482412060302,0.9053030303030303,462552957.8114662,552789038.4737936,0.9526569638122624,665249957.7662995
383,45_disclosure_z,0.4,0.9296482412060302,0.9053030303030303,462552957.8114662,552789038.4737936,0.9526569638122624,665249957.7662995
384,45_disclosure_z,0.5,0.9296482412060302,0.9053030303030303,462552957.8114662,552789038.4737936,0.9526569638122624,665249957.7662995
385,45_disclosure_z,0.6,0.9296482412060302,0.9053030303030303,462552957.8114662,552789038.4737936,0.9526569638122624,665249957.7662995
386,45_disclosure_z,0.7000000000000001,0.9296482412060302,0.9053030303030303,462552957.8114662,552789038.4737936,0.9526569638122624,665249957.7662995
387,45_disclosure_z,0.8,0.9296482412060302,0.9053030303030303,462552957.8114662,552789038.4737936,0.9526569638122624,665249957.7662995
388,45_disclosure_z,0.9,0.9296482412060302,0.9053030303030303,462552957.8114662,552789038.4737936,0.9526569638122624,665249957.7662995
389,45_disclosure_z,1.0,1.0,1.0,550887846.3126794,579573123.7310208,1.0,665249957.7662995
390,46_disclosure_x_noise,0.1,0.2889447236180904,0.25,562663871.6280702,873219489.5946727,0.9418063202103784,1003252173.8594884
391,46_disclosure_x_noise,0.2,0.2889447236180904,0.25,562663871.6280702,873219489.5946727,0.9418063202103784,1003252173.8594884
392,46_disclosure_x_noise,0.30000000000000004,0.48743718592964824,0.4696969696969697,704781722.9995667,807868464.7674971,0.9748067135003101,1003252173.8594884
393,46_disclosure_x_noise,0.4,0.48743718592964824,0.4696969696969697,704781722.9995667,807868464.7674971,0.9748067135003101,1003252173.8594884
394,46_disclosure_x_noise,0.5,0.9949748743718593,0.9962121212121212,927433840.2037326,826897692.615982,1.0028597798195589,1003252173.8594884
395,46_disclosure_x_noise,0.6,0.9949748743718593,0.9962121212121212,927433840.2037326,826897692.615982,1.0028597798195589,1003252173.8594884
396,46_disclosure_x_noise,0.7000000000000001,0.9949748743718593,0.9962121212121212,927433840.2037326,826897692.615982,1.0028597798195589,1003252173.8594884
397,46_disclosure_x_noise,0.8,0.9949748743718593,0.9962121212121212,927433840.2037326,826897692.615982,1.0028597798195589,1003252173.8594884
398,46_disclosure_x_noise,0.9,0.9949748743718593,0.9962121212121212,927433840.2037326,826897692.615982,1.0028597798195589,1003252173.8594884
399,46_disclosure_x_noise,1.0,1.0,1.0,952578665.2508875,822167256.8021476,1.0,1003252173.8594884
400,47_disclosure_x_bias,0.1,0.12311557788944724,0.12878787878787878,252271819.20022383,449820829.6943639,0.4752078597293436,635253402.2459707
401,47_disclosure_x_bias,0.2,0.2185929648241206,0.23106060606060605,346482486.15985656,624879093.2963,0.8666851837446946,635253402.2459707
402,47_disclosure_x_bias,0.30000000000000004,0.9195979899497487,0.8787878787878788,468591129.2930822,587862237.9531419,0.975953183049877,635253402.2459707
403,47_disclosure_x_bias,0.4,0.9195979899497487,0.8787878787878788,468591129.2930822,587862237.9531419,0.975953183049877,635253402.2459707
404,47_disclosure_x_bias,0.5,0.9195979899497487,0.8787878787878788,468591129.2930822,587862237.9531419,0.975953183049877,635253402.2459707
405,47_disclosure_x_bias,0.6,0.9195979899497487,0.8787878787878788,468591129.2930822,587862237.9531419,0.975953183049877,635253402.2459707
406,47_disclosure_x_bias,0.7000000000000001,0.9195979899497487,0.8787878787878788,468591129.2930822,587862237.9531419,0.975953183049877,635253402.2459707
407,47_disclosure_x_bias,0.8,0.9195979899497487,0.8787878787878788,468591129.2930822,587862237.9531419,0.975953183049877,635253402.2459707
408,47_disclosure_x_bias,0.9,0.9195979899497487,0.8787878787878788,468591129.2930822,587862237.9531419,0.975953183049877,635253402.2459707
409,47_disclosure_x_bias,1.0,1.0,1.0,550609170.7930373,599134642.3810173,1.0,635253402.2459707
410,48_SWD,0.1,0.13477537437603992,0.14035087719298245,0.14428391284623174,0.35944211704007545,0.5829074089928759,0.4572974208606892
411,48_SWD,0.2,0.259567387687188,0.3157894736842105,0.18804461223295768,0.3610175870872176,0.8418154177375847,0.4572974208606892
412,48_SWD,0.30000000000000004,0.3427620632279534,0.37343358395989973,0.20772932582671622,0.37117668025127565,0.8573546522506049,0.4572974208606892
413,48_SWD,0.4,0.43926788685524126,0.46365914786967416,0.22981044356363087,0.3971107720277359,0.8883664432579111,0.4572974208606892
414,48_SWD,0.5,0.5257903494176372,0.5338345864661654,0.2541396611665719,0.36441227183972363,0.8530889136157944,0.4572974208606892
415,48_SWD,0.6,0.6156405990016639,0.6290726817042607,0.2810098782702728,0.3666299227868024,0.8991789904204971,0.4572974208606892
416,48_SWD,0.7000000000000001,0.7437603993344426,0.7644110275689223,0.32054623865028875,0.3823514837546975,0.9345203812517675,0.4572974208606892
417,48_SWD,0.8,0.8019966722129783,0.8245614035087719,0.33900078725919897,0.4029369018545868,0.973279537595358,0.4572974208606892
418,48_SWD,0.9,0.9517470881863561,0.9649122807017544,0.3843671633289261,0.41175287498320046,1.0176427129125092,0.4572974208606892
419,48_SWD,1.0,1.0,1.0,0.39943487353428414,0.4072386197207491,0.9999999999999999,0.4572974208606892
420,49_LEV,0.1,0.33277870216306155,0.3007518796992481,0.1973334950879958,0.27138223042411863,0.6605547393594351,0.5296235745427659
421,49_LEV,0.2,0.33277870216306155,0.3007518796992481,0.1973334950879958,0.27138223042411863,0.6605547393594351,0.5296235745427659
422,49_LEV,0.30000000000000004,0.33277870216306155,0.3007518796992481,0.1973334950879958,0.27138223042411863,0.6605547393594351,0.5296235745427659
423,49_LEV,0.4,0.4259567387687188,0.37092731829573933,0.21373677580581057,0.2878377124013989,0.7166562752293044,0.5296235745427659
424,49_LEV,0.5,0.5657237936772047,0.5012531328320802,0.2417323073948513,0.3074568163200098,0.7713685507024802,0.5296235745427659
425,49_LEV,0.6,0.6422628951747088,0.5789473684210527,0.26007027918128456,0.29280833528629463,0.7364317429660974,0.5296235745427659
426,49_LEV,0.7000000000000001,0.7920133111480865,0.7117794486215538,0.29401078016996474,0.32337359404840194,0.7983813611870895,0.5296235745427659
427,49_LEV,0.8,0.8252911813643927,0.7468671679197995,0.3014375012159607,0.3192385930941959,0.7897633790820765,0.5296235745427659
428,49_LEV,0.9,0.9667221297836939,0.9398496240601504,0.36924784065944566,0.35126076333777706,0.8675323752745111,0.5296235745427659
429,49_LEV,1.0,1.0,1.0,0.4017684736776726,0.4016118185976373,1.0,0.5296235745427659
430,4_elevators,0.1,0.17078313253012048,0.16644072902545565,2.5888889570115658e-06,3.0849509710856526e-06,0.32044091735239105,8.3456825576141e-06
431,4_elevators,0.2,0.2143574297188755,0.21177888236180148,2.6551878359118357e-06,2.9830585722205364e-06,0.32097976259303357,8.3456825576141e-06
432,4_elevators,0.30000000000000004,0.3602409638554217,0.35954209971381235,2.9961384161645404e-06,3.1634055483208085e-06,0.33780217670447,8.3456825576141e-06
433,4_elevators,0.4,0.4022088353413655,0.40141587588492245,3.1506976223916373e-06,3.248718169859542e-06,0.34517731719077605,8.3456825576141e-06
434,4_elevators,0.5,0.555421686746988,0.5511372194607622,3.772021514424558e-06,4.0262208140023454e-06,0.4396602307923154,8.3456825576141e-06
435,4_elevators,0.6,0.6373493975903615,0.6395541497213436,4.045644692316768e-06,4.09521217717581e-06,0.4425390379652399,8.3456825576141e-06
436,4_elevators,0.7000000000000001,0.7488955823293173,0.7538785961741226,4.375151208505035e-06,4.6023136773353475e-06,0.49393279545963603,8.3456825576141e-06
437,4_elevators,0.8,0.8161646586345381,0.8200030125018828,4.655129906068563e-06,5.2297697011422155e-06,0.5574049283738235,8.3456825576141e-06
438,4_elevators,0.9,0.9017068273092369,0.9052568157855099,5.466603069834325e-06,5.648450968461405e-06,0.5748052943435267,8.3456825576141e-06
439,4_elevators,1.0,1.0,1.0,8.145798387164158e-06,8.889099139918328e-06,0.9999999999999998,8.3456825576141e-06
440,50_ERA,0.1,0.129783693843594,0.13784461152882205,1.6274163384010294,1.9571201182329865,0.6068710663604393,2.66166616354941
441,50_ERA,0.2,0.4059900166389351,0.39348370927318294,1.947773748925598,2.052249067789717,0.7027420388052615,2.66166616354941
442,50_ERA,0.30000000000000004,0.4059900166389351,0.39348370927318294,1.947773748925598,2.052249067789717,0.7027420388052615,2.66166616354941
443,50_ERA,0.4,0.4059900166389351,0.39348370927318294,1.947773748925598,2.052249067789717,0.7027420388052615,2.66166616354941
444,50_ERA,0.5,0.7171381031613977,0.731829573934837,2.0719014977305847,2.292095931978497,0.8738062190829096,2.66166616354941
445,50_ERA,0.6,0.7171381031613977,0.731829573934837,2.0719014977305847,2.292095931978497,0.8738062190829096,2.66166616354941
446,50_ERA,0.7000000000000001,0.7171381031613977,0.731829573934837,2.0719014977305847,2.292095931978497,0.8738062190829096,2.66166616354941
447,50_ERA,0.8,0.9284525790349417,0.9223057644110275,2.248861288280249,2.5457277098905786,0.9856708459013614,2.66166616354941
448,50_ERA,0.9,0.9284525790349417,0.9223057644110275,2.248861288280249,2.5457277098905786,0.9856708459013614,2.66166616354941
449,50_ERA,1.0,1.0,1.0,2.399168078497296,2.5877896855498705,1.0,2.66166616354941
450,51_BNG(stock),0.1,0.16477561388653683,0.16342774884626785,9.017824710743366,7.795717598284446,0.2816886370246336,8.338652999690325
451,51_BNG(stock),0.2,0.2595540502399097,0.25830898852618656,9.468275256083706,8.140038741313768,0.29996425778210234,8.338652999690325
452,51_BNG(stock),0.30000000000000004,0.35935647756138867,0.3594563698717135,10.746618944659438,8.702004248855344,0.33750339036497623,8.338652999690325
453,51_BNG(stock),0.4,0.43999435506632795,0.44379524958719674,11.447113147221945,10.316290485352692,0.45176579033238823,8.338652999690325
454,51_BNG(stock),0.5,0.5458650860852385,0.5437994834667005,12.62409456788623,11.110613449311426,0.4902225170013645,8.338652999690325
455,51_BNG(stock),0.6,0.6420265311882586,0.6403319361530971,13.921157811391843,13.043283097230669,0.6355346566646716,8.338652999690325
456,51_BNG(stock),0.7000000000000001,0.7358171041490262,0.7378381811253651,15.174666980757003,14.438029556042826,0.7066011705008549,8.338652999690325
457,51_BNG(stock),0.8,0.8345469940728196,0.8364875735636563,16.745209858120308,15.902368054016117,0.7676536636599611,8.338652999690325
458,51_BNG(stock),0.9,0.9817950889077053,0.9819213345188196,19.60936270886802,19.41577319404853,0.9741192981206166,8.338652999690325
459,51_BNG(stock),1.0,1.0,1.0,20.18479170742984,19.928173568417748,0.9999999999999998,8.338652999690325
460,54_COMET_MC_SAMPLE,0.1,0.25722785163149575,0.2529354343885093,1.7153295170351062e-05,0.0,0.0,0.005073666155347928
461,54_COMET_MC_SAMPLE,0.2,0.25722785163149575,0.2529354343885093,1.7153295170351062e-05,0.0,0.0,0.005073666155347928
462,54_COMET_MC_SAMPLE,0.30000000000000004,0.3151436274054104,0.3125087156602984,2.6049885276870874e-05,0.0,0.0,0.005073666155347928
463,54_COMET_MC_SAMPLE,0.4,0.41870409965603794,0.41464230930135265,5.951658023397864e-05,0.0,0.0,0.005073666155347928
464,54_COMET_MC_SAMPLE,0.5,0.5075764618388027,0.5018268023985497,0.00010718748045919801,0.0,0.0,0.005073666155347928
465,54_COMET_MC_SAMPLE,0.6,0.6519289764804314,0.64917026913959,0.00022417742613570592,0.0,0.0,0.005073666155347928
466,54_COMET_MC_SAMPLE,0.7000000000000001,0.7211118341545041,0.7156881885371635,0.00029739040184711783,0.0,0.0,0.005073666155347928
467,54_COMET_MC_SAMPLE,0.8,0.841610114344148,0.8345000697252823,0.0004518679510724403,0.0,0.0,0.005073666155347928
468,54_COMET_MC_SAMPLE,0.9,0.9424374825694897,0.9407892901966253,0.0065414833651906935,0.007139716309061567,0.3169250410028884,0.005073666155347928
469,54_COMET_MC_SAMPLE,1.0,1.0,1.0,0.02097398974369743,0.022143117619914724,1.0,0.005073666155347928
470,55_sulfur,0.1,0.7538436105141346,0.7604166666666666,0.0007850759225619935,0.0005843212136517921,0.28377708222728176,0.0006060914748932413
471,55_sulfur,0.2,0.7538436105141346,0.7604166666666666,0.0007850759225619935,0.0005843212136517921,0.28377708222728176,0.0006060914748932413
472,55_sulfur,0.30000000000000004,0.7538436105141346,0.7604166666666666,0.0007850759225619935,0.0005843212136517921,0.28377708222728176,0.0006060914748932413
473,55_sulfur,0.4,0.7538436105141346,0.7604166666666666,0.0007850759225619935,0.0005843212136517921,0.28377708222728176,0.0006060914748932413
474,55_sulfur,0.5,0.7538436105141346,0.7604166666666666,0.0007850759225619935,0.0005843212136517921,0.28377708222728176,0.0006060914748932413
475,55_sulfur,0.6,0.7538436105141346,0.7604166666666666,0.0007850759225619935,0.0005843212136517921,0.28377708222728176,0.0006060914748932413
476,55_sulfur,0.7000000000000001,0.7538436105141346,0.7604166666666666,0.0007850759225619935,0.0005843212136517921,0.28377708222728176,0.0006060914748932413
477,55_sulfur,0.8,0.8907257397917011,0.886656746031746,0.0008589670744625762,0.000682665734107197,0.33381288469389797,0.0006060914748932413
478,55_sulfur,0.9,0.9555298396429162,0.9546130952380952,0.0009957972338234217,0.0008208183318407576,0.3944119759048996,0.0006060914748932413
479,55_sulfur,1.0,1.0,1.0,0.0021696038940372917,0.0019263711703655902,1.0,0.0006060914748932413
480,56_debutanizer,0.1,0.10995128740431455,0.08254963427377221,0.002630609990796705,0.004412477282105641,0.19819806985206218,0.005175224494968974
481,56_debutanizer,0.2,0.28114126652748783,0.2560083594566353,0.004516625888611757,0.005318694182383188,0.21753674139139687,0.005175224494968974
482,56_debutanizer,0.30000000000000004,0.3980514961725818,0.3793103448275862,0.005259925235499438,0.005753411819245871,0.24345600083587363,0.005175224494968974
483,56_debutanizer,0.4,0.5560194850382741,0.5475444096133751,0.00619079283927544,0.006831053481908086,0.31902288781052013,0.005175224494968974
484,56_debutanizer,0.5,0.5560194850382741,0.5475444096133751,0.00619079283927544,0.006831053481908086,0.31902288781052013,0.005175224494968974
485,56_debutanizer,0.6,0.6416144745998609,0.6363636363636364,0.006594221525211197,0.007523245640095852,0.37210666428867034,0.005175224494968974
486,56_debutanizer,0.7000000000000001,0.7299930410577592,0.7251828631138976,0.007730344989890727,0.008949772188189502,0.44626454917906966,0.005175224494968974
487,56_debutanizer,0.8,0.813500347947112,0.8056426332288401,0.009060800818907781,0.010402229554328476,0.5420717111134014,0.005175224494968974
488,56_debutanizer,0.9,0.9241475295755045,0.9028213166144201,0.012055374727198774,0.013768436884438037,0.7233489339817404,0.005175224494968974
489,56_debutanizer,1.0,1.0,1.0,0.020875305357395645,0.019000594564297365,1.0,0.005175224494968974
490,57_Titanic,0.1,0.28662420382165604,0.2739463601532567,0.02897658428826242,0.10436792624921398,0.45244437315841746,0.1774056049546572
491,57_Titanic,0.2,0.28662420382165604,0.2739463601532567,0.02897658428826242,0.10436792624921398,0.45244437315841746,0.1774056049546572
492,57_Titanic,0.30000000000000004,0.31337579617834393,0.31226053639846746,0.031506266251786784,0.11604701088442532,0.5005501082711747,0.1774056049546572
493,57_Titanic,0.4,0.40764331210191085,0.41954022988505746,0.042564828102133634,0.10676947092854318,0.4518255514255219,0.1774056049546572
494,57_Titanic,0.5,0.5617834394904458,0.578544061302682,0.07452722862410584,0.1266024639875089,0.7817065051764446,0.1774056049546572
495,57_Titanic,0.6,0.6560509554140127,0.6724137931034483,0.09218017920620437,0.1343813470805944,0.8059575196468706,0.1774056049546572
496,57_Titanic,0.7000000000000001,0.9286624203821656,0.921455938697318,0.13385782312246408,0.1553319444763589,0.9778155180868737,0.1774056049546572
497,57_Titanic,0.8,0.9286624203821656,0.921455938697318,0.13385782312246408,0.1553319444763589,0.9778155180868737,0.1774056049546572
498,57_Titanic,0.9,0.9286624203821656,0.921455938697318,0.13385782312246408,0.1553319444763589,0.9778155180868737,0.1774056049546572
499,57_Titanic,1.0,1.0,1.0,0.15185245261731012,0.1549670179582655,1.0,0.1774056049546572
500,59_ilpd-numeric,0.1,0.13142857142857142,0.05150214592274678,0.018074247667752213,0.0,0.0,0.19188669527896998
501,59_ilpd-numeric,0.2,0.21428571428571427,0.0944206008583691,0.028568485227193626,0.09090909090909091,0.29833546734955185,0.19188669527896998
502,59_ilpd-numeric,0.30000000000000004,0.34285714285714286,0.27467811158798283,0.05876435273408694,0.23299559169781,0.8593746634937137,0.19188669527896998
503,59_ilpd-numeric,0.4,0.4228571428571429,0.38197424892703863,0.07319948906534378,0.18005929264123155,0.7783708310439703,0.19188669527896998
504,59_ilpd-numeric,0.5,0.5171428571428571,0.463519313304721,0.08494227067589058,0.17757257455332082,0.7751898487899579,0.19188669527896998
505,59_ilpd-numeric,0.6,0.7142857142857143,0.6609442060085837,0.12577338533013135,0.20242165432615497,0.8583491992543704,0.19188669527896998
506,59_ilpd-numeric,0.7000000000000001,0.7142857142857143,0.6609442060085837,0.12577338533013135,0.20242165432615497,0.8583491992543704,0.19188669527896998
507,59_ilpd-numeric,0.8,0.8142857142857143,0.8197424892703863,0.14141004824502854,0.19803444784075103,0.9028498839007079,0.19188669527896998
508,59_ilpd-numeric,0.9,0.9485714285714286,0.9484978540772532,0.16715037792092194,0.21055864083885745,1.0002713775027239,0.19188669527896998
509,59_ilpd-numeric,1.0,1.0,1.0,0.18066124416999446,0.20163864438692036,1.0,0.19188669527896998
510,5_house_8L,0.1,0.5903006363835857,0.6063864808515308,411475119.86812663,321253767.4736642,0.02817606260994813,882117241.069872
511,5_house_8L,0.2,0.5903006363835857,0.6063864808515308,411475119.86812663,321253767.4736642,0.02817606260994813,882117241.069872
512,5_house_8L,0.30000000000000004,0.5903006363835857,0.6063864808515308,411475119.86812663,321253767.4736642,0.02817606260994813,882117241.069872
513,5_house_8L,0.4,0.5903006363835857,0.6063864808515308,411475119.86812663,321253767.4736642,0.02817606260994813,882117241.069872
514,5_house_8L,0.5,0.5903006363835857,0.6063864808515308,411475119.86812663,321253767.4736642,0.02817606260994813,882117241.069872
515,5_house_8L,0.6,0.669446273132909,0.6882475584330078,469007852.15109426,392043943.558957,0.034358946878713326,882117241.069872
516,5_house_8L,0.7000000000000001,0.789042498719918,0.7989685065291342,568959992.2942333,533192505.68779683,0.07454220834780133,882117241.069872
517,5_house_8L,0.8,0.8027210884353742,0.8121365082848677,586513353.6256077,557936314.905069,0.07815944030956173,882117241.069872
518,5_house_8L,0.9,0.9050544949162461,0.9063974541863272,809971031.3609117,668847027.3757097,0.07693619782211546,882117241.069872
519,5_house_8L,1.0,1.0,1.0,1699968941.9042723,1778744699.784193,1.0,882117241.069872
520,60_S1,0.1,0.2679106964345218,0.26113056528264134,2.8640847078005423,2.8232293646226334,0.1566410680863966,0.25423496748374186
521,60_S1,0.2,0.2679106964345218,0.26113056528264134,2.8640847078005423,2.8232293646226334,0.1566410680863966,0.25423496748374186
522,60_S1,0.30000000000000004,0.33622125958013993,0.3296648324162081,3.8617104371266198,3.693952142595162,0.18682603972006487,0.25423496748374186
523,60_S1,0.4,0.6691102965678107,0.663831915957979,8.896932977125411,6.789997285356388,0.3097006176165256,0.25423496748374186
524,60_S1,0.5,0.6691102965678107,0.663831915957979,8.896932977125411,6.789997285356388,0.3097006176165256,0.25423496748374186
525,60_S1,0.6,0.6691102965678107,0.663831915957979,8.896932977125411,6.789997285356388,0.3097006176165256,0.25423496748374186
526,60_S1,0.7000000000000001,1.0,1.0,18.1769102893851,17.87254693992625,1.0,0.25423496748374186
527,60_S1,0.8,1.0,1.0,18.1769102893851,17.87254693992625,1.0,0.25423496748374186
528,60_S1,0.9,1.0,1.0,18.1769102893851,17.87254693992625,1.0,0.25423496748374186
529,60_S1,1.0,1.0,1.0,18.1769102893851,17.87254693992625,1.0,0.25423496748374186
530,61_S2,0.1,0.8610463178940353,0.8579289644822411,13.361513764087263,12.430713723273428,0.725051471601941,1.63338044022011
531,61_S2,0.2,0.8610463178940353,0.8579289644822411,13.361513764087263,12.430713723273428,0.725051471601941,1.63338044022011
532,61_S2,0.30000000000000004,0.8610463178940353,0.8579289644822411,13.361513764087263,12.430713723273428,0.725051471601941,1.63338044022011
533,61_S2,0.4,0.8610463178940353,0.8579289644822411,13.361513764087263,12.430713723273428,0.725051471601941,1.63338044022011
534,61_S2,0.5,0.8610463178940353,0.8579289644822411,13.361513764087263,12.430713723273428,0.725051471601941,1.63338044022011
535,61_S2,0.6,0.8610463178940353,0.8579289644822411,13.361513764087263,12.430713723273428,0.725051471601941,1.63338044022011
536,61_S2,0.7000000000000001,0.8610463178940353,0.8579289644822411,13.361513764087263,12.430713723273428,0.725051471601941,1.63338044022011
537,61_S2,0.8,0.8610463178940353,0.8579289644822411,13.361513764087263,12.430713723273428,0.725051471601941,1.63338044022011
538,61_S2,0.9,0.9390203265578141,0.9364682341170585,15.02913650655156,13.851449378920403,0.8123290496786301,1.63338044022011
539,61_S2,1.0,1.0,1.0,16.544132284304975,16.139346010414126,1.0,1.63338044022011
540,62_S3,0.1,0.12295901366211263,0.11705852926463231,1.8827077539069905,2.0113491277021422,0.10732225175556341,8.047283741870936
541,62_S3,0.2,0.26824391869376873,0.26113056528264134,7.6290778753858755,7.6643643763996225,0.3794419377119194,8.047283741870936
542,62_S3,0.30000000000000004,0.7050983005664778,0.6983491745872936,12.687880463471732,11.823054953109027,0.6247230425597954,8.047283741870936
543,62_S3,0.4,0.7050983005664778,0.6983491745872936,12.687880463471732,11.823054953109027,0.6247230425597954,8.047283741870936
544,62_S3,0.5,0.7050983005664778,0.6983491745872936,12.687880463471732,11.823054953109027,0.6247230425597954,8.047283741870936
545,62_S3,0.6,0.7050983005664778,0.6983491745872936,12.687880463471732,11.823054953109027,0.6247230425597954,8.047283741870936
546,62_S3,0.7000000000000001,0.7050983005664778,0.6983491745872936,12.687880463471732,11.823054953109027,0.6247230425597954,8.047283741870936
547,62_S3,0.8,1.0,1.0,18.207065131432458,17.867974095961237,1.0,8.047283741870936
548,62_S3,0.9,1.0,1.0,18.207065131432458,17.867974095961237,1.0,8.047283741870936
549,62_S3,1.0,1.0,1.0,18.207065131432458,17.867974095961237,1.0,8.047283741870936
550,63_S4,0.1,0.1976007997334222,0.208104052026013,1.3925530805505284,1.2164387533200742,0.07526185321233284,7.761404102051025
551,63_S4,0.2,0.7754081972675775,0.7813906953476738,9.682710469644043,8.826807898876437,0.5538399119540435,7.761404102051025
552,63_S4,0.30000000000000004,0.7754081972675775,0.7813906953476738,9.682710469644043,8.826807898876437,0.5538399119540435,7.761404102051025
553,63_S4,0.4,0.7754081972675775,0.7813906953476738,9.682710469644043,8.826807898876437,0.5538399119540435,7.761404102051025
554,63_S4,0.5,0.7754081972675775,0.7813906953476738,9.682710469644043,8.826807898876437,0.5538399119540435,7.761404102051025
555,63_S4,0.6,0.7754081972675775,0.7813906953476738,9.682710469644043,8.826807898876437,0.5538399119540435,7.761404102051025
556,63_S4,0.7000000000000001,0.7754081972675775,0.7813906953476738,9.682710469644043,8.826807898876437,0.5538399119540435,7.761404102051025
557,63_S4,0.8,0.955348217260913,0.9619809904952477,14.324344300533244,13.010043357236677,0.8024363589069877,7.761404102051025
558,63_S4,0.9,0.955348217260913,0.9619809904952477,14.324344300533244,13.010043357236677,0.8024363589069877,7.761404102051025
559,63_S4,1.0,1.0,1.0,16.517521206397966,15.853019474716389,1.0,7.761404102051025
560,64_dataset_sales,0.1,0.11981995964612759,0.11268917345750873,0.005949820145970131,0.0,0.0,1.0645742258440047
561,64_dataset_sales,0.2,0.2182213254695018,0.20139697322467986,0.017609497368337352,0.0,0.0,1.0645742258440047
562,64_dataset_sales,0.30000000000000004,0.3059133943814993,0.2919674039580908,0.03437496926425354,0.0,0.0,1.0645742258440047
563,64_dataset_sales,0.4,0.4676392984634487,0.45937136204889406,0.12866646231053946,0.12588562672492373,0.0980023056075997,1.0645742258440047
564,64_dataset_sales,0.5,0.5582803042061152,0.5597206053550641,0.16454665278081249,0.15098456868068713,0.08500584202320183,1.0645742258440047
565,64_dataset_sales,0.6,0.63728076982772,0.6414435389988359,0.1926498880792192,0.18153927333280648,0.11635121472645332,1.0645742258440047
566,64_dataset_sales,0.7000000000000001,0.7335092348284961,0.7345750873108265,0.23268973126249046,0.2316491826854107,0.1704013031564429,1.0645742258440047
567,64_dataset_sales,0.8,0.8157690516839982,0.8258440046565774,0.2845878517061757,0.27937217170017564,0.2088708785565844,1.0645742258440047
568,64_dataset_sales,0.9,0.9702002172900822,0.9722933643771827,0.5957582907658262,0.6257502492951611,0.5104551056352485,1.0645742258440047
569,64_dataset_sales,1.0,1.0,1.0,1.077752062738763,1.226000920708249,1.0,1.0645742258440047
570,65_ELE-2,0.1,0.27602523659305994,0.3175355450236967,5594.199188907925,1440.4226913121781,0.03872007400101632,6772.313234082937
571,65_ELE-2,0.2,0.27602523659305994,0.3175355450236967,5594.199188907925,1440.4226913121781,0.03872007400101632,6772.313234082937
572,65_ELE-2,0.30000000000000004,0.6577287066246057,0.6824644549763034,13076.85287909759,11853.477724101263,0.43879181266955725,6772.313234082937
573,65_ELE-2,0.4,0.6577287066246057,0.6824644549763034,13076.85287909759,11853.477724101263,0.43879181266955725,6772.313234082937
574,65_ELE-2,0.5,0.6577287066246057,0.6824644549763034,13076.85287909759,11853.477724101263,0.43879181266955725,6772.313234082937
575,65_ELE-2,0.6,0.6577287066246057,0.6824644549763034,13076.85287909759,11853.477724101263,0.43879181266955725,6772.313234082937
576,65_ELE-2,0.7000000000000001,0.7712933753943217,0.7962085308056872,15151.990934596846,13888.03393105516,0.526954444498617,6772.313234082937
577,65_ELE-2,0.8,0.8123028391167192,0.8341232227488151,16602.289748104136,15066.117226581358,0.5717663648615864,6772.313234082937
578,65_ELE-2,0.9,0.9290220820189274,0.9360189573459715,23209.809145895844,22015.470400710026,0.8228100026336366,6772.313234082937
579,65_ELE-2,1.0,1.0,1.0,28000.061883152215,26452.935417148325,1.0,6772.313234082937
580,66_laser,0.1,0.7684563758389261,0.7858942065491183,184.49955371644373,184.594770042006,0.3636808811208448,38.76347531486146
581,66_laser,0.2,0.7684563758389261,0.7858942065491183,184.49955371644373,184.594770042006,0.3636808811208448,38.76347531486146
582,66_laser,0.30000000000000004,0.7684563758389261,0.7858942065491183,184.49955371644373,184.594770042006,0.3636808811208448,38.76347531486146
583,66_laser,0.4,0.7684563758389261,0.7858942065491183,184.49955371644373,184.594770042006,0.3636808811208448,38.76347531486146
584,66_laser,0.5,0.7684563758389261,0.7858942065491183,184.49955371644373,184.594770042006,0.3636808811208448,38.76347531486146
585,66_laser,0.6,0.7684563758389261,0.7858942065491183,184.49955371644373,184.594770042006,0.3636808811208448,38.76347531486146
586,66_laser,0.7000000000000001,0.7684563758389261,0.7858942065491183,184.49955371644373,184.594770042006,0.3636808811208448,38.76347531486146
587,66_laser,0.8,0.959731543624161,0.9748110831234257,400.6213087421118,313.86711814000256,0.7021160937175307,38.76347531486146
588,66_laser,0.9,0.959731543624161,0.9748110831234257,400.6213087421118,313.86711814000256,0.7021160937175307,38.76347531486146
589,66_laser,1.0,1.0,1.0,610.8683383462126,448.3545840365175,1.0,38.76347531486146
590,67_treasury,0.1,0.1365079365079365,0.15513126491646778,0.003931695056874891,0.010446276496518792,0.008492602741757194,0.04465508885441557
591,67_treasury,0.2,0.25555555555555554,0.2649164677804296,0.005803086045439999,0.008057820204025666,0.0485378735083676,0.04465508885441557
592,67_treasury,0.30000000000000004,0.35873015873015873,0.35799522673031026,0.006973881139675273,0.014737823980545682,0.27176929204866995,0.04465508885441557
593,67_treasury,0.4,0.4142857142857143,0.4152744630071599,0.008267104732568397,0.014339765332555767,0.2497734844574414,0.04465508885441557
594,67_treasury,0.5,0.5698412698412698,0.5966587112171837,0.013187231465963596,0.014979097525245953,0.30931194830815956,0.04465508885441557
595,67_treasury,0.6,0.6015873015873016,0.630071599045346,0.014184093855386989,0.01903003906180904,0.44740605181038623,0.04465508885441557
596,67_treasury,0.7000000000000001,0.7238095238095238,0.766109785202864,0.018618747286259316,0.02060953340169799,0.48554402209238856,0.04465508885441557
597,67_treasury,0.8,0.8793650793650793,0.8878281622911695,0.028543597799192428,0.02812671902474249,0.6422328597858453,0.04465508885441557
598,67_treasury,0.9,0.9015873015873016,0.9164677804295943,0.030532861386169837,0.03002040396249307,0.6861157724471426,0.04465508885441557
599,67_treasury,1.0,1.0,1.0,0.07312953106134781,0.04817105070523926,1.0000000000000013,0.04465508885441557
600,68_weather_izmir,0.1,0.18814139110604333,0.1541095890410959,0.5103691498500945,1.1229829574315395,0.4372498156486416,1.9554299383561577
601,68_weather_izmir,0.2,0.322690992018244,0.2791095890410959,0.6662724489270226,1.58205250037199,0.5680284216682896,1.9554299383561577
602,68_weather_izmir,0.30000000000000004,0.322690992018244,0.2791095890410959,0.6662724489270226,1.58205250037199,0.5680284216682896,1.9554299383561577
603,68_weather_izmir,0.4,0.5302166476624858,0.5291095890410958,0.7581572890833733,1.8312849487898972,0.9416879627896222,1.9554299383561577
604,68_weather_izmir,0.5,0.5302166476624858,0.5291095890410958,0.7581572890833733,1.8312849487898972,0.9416879627896222,1.9554299383561577
605,68_weather_izmir,0.6,0.6396807297605474,0.6421232876712328,0.8406908872590626,1.9858084811878873,1.0155845175042697,1.9554299383561577
606,68_weather_izmir,0.7000000000000001,0.7354618015963512,0.761986301369863,0.9707640556022914,1.8920365814392615,0.9619490903225452,1.9554299383561577
607,68_weather_izmir,0.8,0.8608893956670467,0.8476027397260274,1.1058540812894404,1.8305167713443533,0.9010373178740894,1.9554299383561577
608,68_weather_izmir,0.9,0.9224629418472063,0.9263698630136986,1.1906786034854784,1.8117519384070282,0.903270705502778,1.9554299383561577
609,68_weather_izmir,1.0,1.0,1.0,1.3740098113994146,1.9376473467759188,1.0000000000000002,1.9554299383561577
610,69_Titanic,0.1,0.20747663551401868,0.1853932584269663,0.006551622420992258,0.0,0.0,0.5267319549793846
611,69_Titanic,0.2,0.20747663551401868,0.1853932584269663,0.006551622420992258,0.0,0.0,0.5267319549793846
612,69_Titanic,0.30000000000000004,0.36074766355140186,0.36235955056179775,0.051240468544377755,0.013880432753456746,0.015015353183364851,0.5267319549793846
613,69_Titanic,0.4,0.44672897196261685,0.4803370786516854,0.08652566368454986,0.09052079192534752,0.1129721612074753,0.5267319549793846
614,69_Titanic,0.5,0.5401869158878505,0.5421348314606742,0.12138011389187493,0.13220950606381757,0.15581292421520804,0.5267319549793846
615,69_Titanic,0.6,0.616822429906542,0.6067415730337079,0.17812935815887385,0.1538826019363123,0.18452473712924508,0.5267319549793846
616,69_Titanic,0.7000000000000001,0.77196261682243,0.7415730337078652,0.3029941042211474,0.3986915509623393,0.45431154504334176,0.5267319549793846
617,69_Titanic,0.8,0.8093457943925234,0.7752808988764045,0.3344186138669941,0.4163999416427987,0.505943795334174,0.5267319549793846
618,69_Titanic,0.9,0.9457943925233645,0.9662921348314607,0.5902015256123269,0.6858943193226162,0.9806035224442331,0.5267319549793846
619,69_Titanic,1.0,1.0,1.0,0.7108830842716499,0.7061970752908858,1.0,0.5267319549793846
620,6_stock,0.1,0.17688266199649738,0.22163588390501318,0.5957405346467963,0.6605827846834862,0.07720281169129203,0.8101618197559367
621,6_stock,0.2,0.20490367775831875,0.24802110817941952,0.6523995967759546,0.8927625772770219,0.10646938162545193,0.8101618197559367
622,6_stock,0.30000000000000004,0.35376532399299476,0.38786279683377306,1.0427022083062003,0.8645691361849881,0.08645134675699147,0.8101618197559367
623,6_stock,0.4,0.4500875656742557,0.46965699208443273,1.2569828872932682,0.9200095551396804,0.0951770563268827,0.8101618197559367
624,6_stock,0.5,0.5061295971978984,0.5356200527704486,1.5221948227934508,2.176635151417067,0.4283191132007585,0.8101618197559367
625,6_stock,0.6,0.6339754816112084,0.662269129287599,2.1470720009026905,3.0399751956909817,0.6093521021334518,0.8101618197559367
626,6_stock,0.7000000000000001,0.723292469352014,0.7704485488126649,2.620011807497289,3.194583158013317,0.6200134560628857,0.8101618197559367
627,6_stock,0.8,0.8178633975481612,0.862796833773087,3.379964444640348,3.9958451441687135,0.7440842661034626,0.8101618197559367
628,6_stock,0.9,0.9124343257443083,0.9313984168865436,4.006834492516337,4.218168544065461,0.7484794966464831,0.8101618197559367
629,6_stock,1.0,1.0,1.0,5.957400404749062,4.933443668298687,1.0,0.8101618197559367
630,74_Long,0.1,0.10904354298474135,0.11731843575418995,0.008276330286531663,0.0,0.0,0.011382569832402234
631,74_Long,0.2,0.24227763304800892,0.23687150837988827,0.020218970395385907,0.0,0.0,0.011382569832402234
632,74_Long,0.30000000000000004,0.3401563081503536,0.33016759776536314,0.025649805189391323,0.0,0.0,0.011382569832402234
633,74_Long,0.4,0.4313360625232601,0.4195530726256983,0.03208972106519279,0.025373731229420427,0.2369631509119721,0.011382569832402234
634,74_Long,0.5,0.527353926311872,0.5139664804469274,0.0399354394876654,0.038120955581964426,0.36433546989416593,0.011382569832402234
635,74_Long,0.6,0.6509117975437291,0.6340782122905028,0.052580593999000794,0.05106638041200262,0.46390943201080165,0.011382569832402234
636,74_Long,0.7000000000000001,0.7286937104577595,0.7245810055865922,0.061928849677499676,0.06041902375202278,0.5481574005491419,0.011382569832402234
637,74_Long,0.8,0.8072199478972832,0.8122905027932961,0.07084893308817442,0.07205676819552856,0.6864892405111933,0.011382569832402234
638,74_Long,0.9,0.9918124302195758,0.9994413407821229,0.09651853894502306,0.10014641500717492,0.9889553349152682,0.011382569832402234
639,74_Long,1.0,1.0,1.0,0.10121703655934625,0.10119759582685683,1.0,0.011382569832402234
640,75_auml_url_2,0.1,0.1594348966931378,0.15681367949118966,0.006789172332624832,0.0026389859870962055,0.0004508028643896241,0.03949197648542483
641,75_auml_url_2,0.2,0.24727613950336247,0.24319674695026589,0.011134962636354504,0.0049982392315178386,0.020212352626475513,0.03949197648542483
642,75_auml_url_2,0.30000000000000004,0.31959963160547034,0.31680742362631636,0.0173740442116922,0.006820042883258494,0.02856286062667193,0.03949197648542483
643,75_auml_url_2,0.4,0.4014283976575669,0.3998279637159837,0.030319610248810618,0.021234138223462522,0.11155616120973051,0.03949197648542483
644,75_auml_url_2,0.5,0.5095834709020453,0.5095141278281723,0.04882163627390633,0.043087951000565256,0.2954519799009734,0.03949197648542483
645,75_auml_url_2,0.6,0.6331346551514414,0.6299916588468356,0.0724201325117908,0.06933216445836762,0.5029473609523429,0.03949197648542483
646,75_auml_url_2,0.7000000000000001,0.7225572141032547,0.7211187571681785,0.08504188472128418,0.08033277586248777,0.5752420204971654,0.03949197648542483
647,75_auml_url_2,0.8,0.844266425704207,0.8429777916796998,0.10386435256974633,0.09938624532026423,0.7185709887829486,0.03949197648542483
648,75_auml_url_2,0.9,0.9378421116652476,0.9388228547596705,0.11886090055557619,0.11639825787142102,0.8507388223807848,0.03949197648542483
649,75_auml_url_2,1.0,1.0,1.0,0.13629481815492983,0.1352974467388882,1.0,0.03949197648542483
650,76_auml_eml_1_d,0.1,0.37536337209302323,0.3649754500818331,0.0013548068875077705,0.0029895366218236174,0.026094383941917577,0.023625808356961153
651,76_auml_eml_1_d,0.2,0.37536337209302323,0.3649754500818331,0.0013548068875077705,0.0029895366218236174,0.026094383941917577,0.023625808356961153
652,76_auml_eml_1_d,0.30000000000000004,0.37536337209302323,0.3649754500818331,0.0013548068875077705,0.0029895366218236174,0.026094383941917577,0.023625808356961153
653,76_auml_eml_1_d,0.4,0.40915697674418605,0.3960720130932897,0.0014046137924582163,0.0027548209366391185,0.024045651318378592,0.023625808356961153
654,76_auml_eml_1_d,0.5,0.5850290697674418,0.5717403164211675,0.002859003106866194,0.0028625954198473282,0.024986368593238825,0.023625808356961153
655,76_auml_eml_1_d,0.6,0.6537063953488372,0.6339334424440808,0.0036643821165978354,0.0034423407917383822,0.030046717482173593,0.023625808356961153
656,76_auml_eml_1_d,0.7000000000000001,0.7278343023255814,0.7135842880523732,0.005572472386162155,0.007966970665255597,1.9878137715218205e-05,0.023625808356961153
657,76_auml_eml_1_d,0.8,0.8255813953488372,0.8101472995090017,0.01015386234946093,0.013357432649205983,1.0393193606833105e-06,0.023625808356961153
658,76_auml_eml_1_d,0.9,0.956031976744186,0.9481723949809057,0.02514869283283989,0.03199183562568772,6.152101277413106e-07,0.023625808356961153
659,76_auml_eml_1_d,1.0,1.0,1.0,0.03582981307425594,0.041037491581454866,1.0,0.023625808356961153
660,7_puma8NH,0.1,0.18449959316517495,0.18162393162393162,7.476276196197943,8.202631923442224,0.31420151129403673,10.728714226926314
661,7_puma8NH,0.2,0.2288445890968267,0.23534798534798534,8.000236513097045,9.025600953649262,0.4360578933624558,10.728714226926314
662,7_puma8NH,0.30000000000000004,0.30919446704637915,0.32051282051282054,8.950125124991429,10.19581933047591,0.49401335618898995,10.728714226926314
663,7_puma8NH,0.4,0.4184296175752644,0.44078144078144077,10.50040354449863,12.339072583778504,0.5958170164421153,10.728714226926314
664,7_puma8NH,0.5,0.5744507729861676,0.5833333333333334,12.464608558764485,13.125150361478271,0.5653460406394566,10.728714226926314
665,7_puma8NH,0.6,0.7026037428803905,0.7237484737484737,14.197811335043792,14.247368061459152,0.6205900236232708,10.728714226926314
666,7_puma8NH,0.7000000000000001,0.7026037428803905,0.7237484737484737,14.197811335043792,14.247368061459152,0.6205900236232708,10.728714226926314
667,7_puma8NH,0.8,0.8016680227827502,0.815018315018315,15.337949865180668,16.149030446694688,0.758455595060383,10.728714226926314
668,7_puma8NH,0.9,0.9271765663140765,0.9343711843711844,16.849211001287618,17.780069953181687,0.8372118342108268,10.728714226926314
669,7_puma8NH,1.0,1.0,1.0,19.48781605479149,20.594807952783626,1.0,10.728714226926314
670,81_MiamiHousing2016,0.1,0.14055023923444976,0.13298636037329506,0.05453494927573255,0.006718061611840715,0.0036731548026519645,0.19551588298636036
671,81_MiamiHousing2016,0.2,0.2389952153110048,0.22828427853553482,0.12475556425254639,0.07196686238394816,0.0706957669696981,0.19551588298636036
672,81_MiamiHousing2016,0.30000000000000004,0.3150717703349282,0.30061019382627424,0.15048722700838282,0.1290722431017847,0.14806960994177398,0.19551588298636036
673,81_MiamiHousing2016,0.4,0.42404306220095694,0.42318736539842067,0.21041401626748987,0.18975909483971928,0.23973395646961962,0.19551588298636036
674,81_MiamiHousing2016,0.5,0.5144736842105263,0.5098707824838478,0.2626363304333855,0.26288648242583007,0.3426802748620389,0.19551588298636036
675,81_MiamiHousing2016,0.6,0.6478468899521531,0.6390882986360373,0.3563912500668553,0.36339281261220724,0.4494713501853927,0.19551588298636036
676,81_MiamiHousing2016,0.7000000000000001,0.7267942583732058,0.7205671213208902,0.4019989996353477,0.3875352150893034,0.5014919197437798,0.19551588298636036
677,81_MiamiHousing2016,0.8,0.8399521531100479,0.8365039483129936,0.4809625928921076,0.470379629251429,0.6081965966159316,0.19551588298636036
678,81_MiamiHousing2016,0.9,0.9389952153110048,0.9395190236898779,0.5518910651095227,0.5939166181845705,0.859203551416077,0.19551588298636036
679,81_MiamiHousing2016,1.0,1.0,1.0,0.6428600524962073,0.6770145073616509,1.000000000000006,0.19551588298636036
680,8_cpu_small,0.1,0.10353946297803092,0.1108058608058608,2.3066860025083713,1.9332305161645051,0.01012277332320495,8.255006135531135
681,8_cpu_small,0.2,0.38039056143205857,0.3952991452991453,12.695225288272795,6.092982253775106,0.029110455352175112,8.255006135531135
682,8_cpu_small,0.30000000000000004,0.38039056143205857,0.3952991452991453,12.695225288272795,6.092982253775106,0.029110455352175112,8.255006135531135
683,8_cpu_small,0.4,0.4705044751830757,0.47863247863247865,15.069583495201881,7.898926447025231,0.036768834334121384,8.255006135531135
684,8_cpu_small,0.5,0.5176973148901546,0.5222832722832723,16.55880954118787,7.771087570155753,0.03523722702808776,8.255006135531135
685,8_cpu_small,0.6,0.6649715215622457,0.6703296703296703,21.441933485944798,9.48977802939518,0.042247555227160664,8.255006135531135
686,8_cpu_small,0.7000000000000001,0.7371847030105777,0.742979242979243,23.71169134721758,10.123129713721914,0.045318907477011366,8.255006135531135
687,8_cpu_small,0.8,0.8604556550040684,0.8614163614163615,29.855287202789853,9.780667133404263,0.04270448851842056,8.255006135531135
688,8_cpu_small,0.9,0.9029698942229455,0.9010989010989011,32.725009290695695,10.634963700234584,0.046299361711119154,8.255006135531135
689,8_cpu_small,1.0,1.0,1.0,96.30109152023823,102.23483975466914,0.9999999999999999,8.255006135531135
690,9_wine_quality,0.1,0.17902026160553988,0.18976135488837567,0.26666318730553784,0.32420013058286173,0.6304077374949745,0.3885661662817552
691,9_wine_quality,0.2,0.284688381636317,0.28290993071593534,0.30388095785761204,0.3202579973530024,0.6115232682692773,0.3885661662817552
692,9_wine_quality,0.30000000000000004,0.38420107719928187,0.39799846035411857,0.3262553702143766,0.3688189497933036,0.7117588722484628,0.3885661662817552
693,9_wine_quality,0.4,0.5060271864580662,0.5138568129330254,0.34576863553454446,0.4108434810658897,0.7910558840081289,0.3885661662817552
694,9_wine_quality,0.5,0.5060271864580662,0.5138568129330254,0.34576863553454446,0.4108434810658897,0.7910558840081289,0.3885661662817552
695,9_wine_quality,0.6,0.6737625032059502,0.6628175519630485,0.394021160082473,0.42179491460475255,0.8188367060976369,0.3885661662817552
696,9_wine_quality,0.7000000000000001,0.800718132854578,0.8090839107005389,0.4275986845133837,0.4353746478631294,0.8464655504891214,0.3885661662817552
697,9_wine_quality,0.8,0.800718132854578,0.8090839107005389,0.4275986845133837,0.4353746478631294,0.8464655504891214,0.3885661662817552
698,9_wine_quality,0.9,0.9297255706591434,0.9314857582755967,0.49291989633948957,0.4760150844056251,0.9170260838559599,0.3885661662817552
699,9_wine_quality,1.0,1.0,1.0,0.5601634301636896,0.5196115220910353,1.0000000000000004,0.3885661662817552
